Datetime,Left_Discharge_m3/s,Middle_Discharge_m3/s,Right_Discharge_m3/s,Total_Discharge_m3/s
7/6/2022 0:00,4.896140627,4.138889878,4.865234909,13.90026541
7/6/2022 0:15,4.989164383,3.925787784,4.944705642,13.85965781
7/6/2022 0:30,4.860899384,3.699896847,4.829600597,13.39039683
7/6/2022 0:45,4.57261749,3.480529016,4.54247957,12.59562608
7/6/2022 1:00,4.297681408,3.269031676,4.268180192,11.83489328
7/6/2022 1:15,4.018762814,3.050811552,3.991181044,11.06075541
7/6/2022 1:30,3.750399695,2.83997701,3.724119729,10.31449643
7/6/2022 1:45,3.502062826,2.645761818,3.477288253,9.625112898
7/6/2022 2:00,3.258178489,2.453422173,3.235408928,8.94700959
7/6/2022 2:15,3.026793779,2.270496525,3.006181004,8.303471308
7/6/2022 2:30,2.815660257,2.104705516,2.796868066,7.71723384
7/6/2022 2:45,2.608683682,1.940483809,2.592102671,7.141270161
7/6/2022 3:00,2.417742067,2.407302135,2.400039241,7.225083444
7/6/2022 3:15,2.209801258,2.199343153,2.194367043,6.603511454
7/6/2022 3:30,2.021174409,2.012250494,2.007999053,6.041423956
7/6/2022 3:45,1.843205001,1.836846186,1.832199869,5.512251056
7/6/2022 4:00,1.678205098,1.675059929,1.669080626,5.022345653
7/6/2022 4:15,1.480995835,1.526466395,1.464969369,4.472431599
7/6/2022 4:30,0.700521406,0.769966898,0.694367898,2.164856201
7/6/2022 4:45,1.496039567,3.146668108,1.424547488,6.067255163
7/6/2022 5:00,0,-1.803352633,0,-1.803352633
7/6/2022 5:15,0,-2.565139689,0,-2.565139689
7/6/2022 5:30,0,-3.351914874,0,-3.351914874
7/6/2022 5:45,0,-4.082416899,0,-4.082416899
7/6/2022 6:00,0,-4.625022618,0,-4.625022618
7/6/2022 6:15,0,-5.310772285,0,-5.310772285
7/6/2022 6:30,0,-5.940361164,0,-5.940361164
7/6/2022 6:45,0,-7.243360026,0,-7.243360026
7/6/2022 7:00,0,-8.041214871,0,-8.041214871
7/6/2022 7:15,0,-8.386787294,0,-8.386787294
7/6/2022 7:30,0,-8.619945475,0,-8.619945475
7/6/2022 7:45,0,-8.909391441,0,-8.909391441
7/6/2022 8:00,0,-9.189487909,0,-9.189487909
7/6/2022 8:15,0,-9.462510185,0,-9.462510185
7/6/2022 8:30,0,-9.566116174,0,-9.566116174
7/6/2022 8:45,0,-9.616542028,0,-9.616542028
7/6/2022 9:00,0,-9.556036229,0,-9.556036229
7/6/2022 9:15,0,-9.379662414,0,-9.379662414
7/6/2022 9:30,0,-9.263450281,0,-9.263450281
7/6/2022 9:45,0,-9.003460861,0,-9.003460861
7/6/2022 10:00,0,-8.878320913,0,-8.878320913
7/6/2022 10:15,0,-8.527708529,0,-8.527708529
7/6/2022 10:30,0,-8.876219611,0,-8.876219611
7/6/2022 10:45,0,-7.807864575,0,-7.807864575
7/6/2022 11:00,0,-7.062616263,0,-7.062616263
7/6/2022 11:15,0,-6.270862463,0,-6.270862463
7/6/2022 11:30,0,-4.359929822,0,-4.359929822
7/6/2022 11:45,0,-2.343011131,0,-2.343011131
7/6/2022 12:00,4.963249835,4.243902887,4.926480859,14.13363358
7/6/2022 12:15,5.334488132,4.45729465,5.303578847,15.09536163
7/6/2022 12:30,5.504530003,4.183877541,5.461365771,15.14977331
7/6/2022 12:45,5.186512772,3.942413982,5.151602813,14.28052957
7/6/2022 13:00,4.88467057,3.712552094,4.851105501,13.44832817
7/6/2022 13:15,4.597264179,3.49351821,4.56501437,12.65579676
7/6/2022 13:30,4.323138841,3.283765707,4.291967195,11.89887174
7/6/2022 13:45,4.04448817,3.066789452,4.015642475,11.1269201
7/6/2022 14:00,3.785143831,2.865720914,3.757939168,10.40880391
7/6/2022 14:15,3.528637527,2.664421758,3.503287275,9.696346559
7/6/2022 14:30,3.284523059,2.472318815,3.261278965,9.018120839
7/6/2022 14:45,3.059763057,2.296647059,3.038694855,8.395104971
7/6/2022 15:00,2.841699805,2.124131519,2.822589634,7.788420959
7/6/2022 15:15,2.640141131,1.965967771,2.622925659,7.229034561
7/6/2022 15:30,2.447687415,2.436556143,2.429670183,7.313913741
7/6/2022 15:45,2.237157067,2.226099514,2.221438332,6.684694912
7/6/2022 16:00,2.048364241,2.038500557,2.034754511,6.121619308
7/6/2022 16:15,1.871151669,1.862391576,1.859428762,5.592972006
7/6/2022 16:30,1.705471826,1.698065108,1.695422739,5.098959672
7/6/2022 16:45,1.551794851,1.547503888,1.543579246,4.642877985
7/6/2022 17:00,1.411801862,1.411273989,1.40544148,4.22851733
7/6/2022 17:15,0.87570851,0.930181152,0.869823918,2.675713579
7/6/2022 17:30,0,-1.535833712,0,-1.535833712
7/6/2022 17:45,0,-1.646382376,0,-1.646382376
7/6/2022 18:00,0,-2.39852144,0,-2.39852144
7/6/2022 18:15,0,-3.260041424,0,-3.260041424
7/6/2022 18:30,0,-4.196116306,0,-4.196116306
7/6/2022 18:45,0,-4.809709743,0,-4.809709743
7/6/2022 19:00,0,-5.665531291,0,-5.665531291
7/6/2022 19:15,0,-6.492223933,0,-6.492223933
7/6/2022 19:30,0,-7.425243268,0,-7.425243268
7/6/2022 19:45,0,-8.563827101,0,-8.563827101
7/6/2022 20:00,0,-8.63592856,0,-8.63592856
7/6/2022 20:15,0,-8.746513286,0,-8.746513286
7/6/2022 20:30,0,-9.124596685,0,-9.124596685
7/6/2022 20:45,0,-9.101445374,0,-9.101445374
7/6/2022 21:00,0,-9.323246407,0,-9.323246407
7/6/2022 21:15,0,-9.311193167,0,-9.311193167
7/6/2022 21:30,0,-9.36994855,0,-9.36994855
7/6/2022 21:45,0,-9.271157036,0,-9.271157036
7/6/2022 22:00,0,-9.284514013,0,-9.284514013
7/6/2022 22:15,0,-9.057062448,0,-9.057062448
7/6/2022 22:30,0,-8.85906517,0,-8.85906517
7/6/2022 22:45,0,-8.491338564,0,-8.491338564
7/6/2022 23:00,0,-8.778592203,0,-8.778592203
7/6/2022 23:15,0,-7.956770026,0,-7.956770026
7/6/2022 23:30,0,-7.007964314,0,-7.007964314
7/6/2022 23:45,0,-6.396674044,0,-6.396674044
7/7/2022 0:00,0,-4.977974666,0,-4.977974666
7/7/2022 0:15,0,-3.627227345,0,-3.627227345
7/7/2022 0:30,2.733249963,2.265295314,2.675791053,7.67433633
7/7/2022 0:45,5.075599056,4.318625876,5.044412105,14.43863704
7/7/2022 1:00,5.082013698,4.192545023,5.052888551,14.32744727
7/7/2022 1:15,5.182077675,3.941890486,5.148326373,14.27229453
7/7/2022 1:30,4.879421227,3.712088302,4.847021567,13.4385311
7/7/2022 1:45,4.59189135,3.49207819,4.560382587,12.64435213
7/7/2022 2:00,4.31733233,3.28088619,4.28666403,11.88488255
7/7/2022 2:15,4.038519498,3.063231498,4.009950517,11.11170151
7/7/2022 2:30,3.778754792,2.861369181,3.751765906,10.39188988
7/7/2022 2:45,3.522082316,2.659897372,3.496905706,9.678885395
7/7/2022 3:00,3.278048957,2.467756746,3.254927781,9.000733485
7/7/2022 3:15,3.053158081,2.291881543,3.032199211,8.377238835
7/7/2022 3:30,2.835110697,2.119233164,2.816087494,7.770431356
7/7/2022 3:45,2.633568612,1.961004258,2.616431523,7.211004393
7/7/2022 4:00,2.439390812,2.428476873,2.421445191,7.289312877
7/7/2022 4:15,2.229635429,2.218902408,2.21405516,6.662592997
7/7/2022 4:30,2.0409007,2.031708872,2.027485093,6.100094666
7/7/2022 4:45,1.86255901,1.856015067,1.851356389,5.569930466
7/7/2022 5:00,1.696292059,1.693533075,1.687225991,5.077051125
7/7/2022 5:15,1.461041612,1.53984964,1.448009356,4.448900609
7/7/2022 5:30,0.934516771,0.990614157,0.928450229,2.853581157
7/7/2022 5:45,0.115107564,-4.130350898,0.266863175,-3.748380158
7/7/2022 6:00,0,-1.869944583,0,-1.869944583
7/7/2022 6:15,0,-2.514092355,0,-2.514092355
7/7/2022 6:30,0,-3.10783781,0,-3.10783781
7/7/2022 6:45,0,-3.827210357,0,-3.827210357
7/7/2022 7:00,0,-4.570547259,0,-4.570547259
7/7/2022 7:15,0,-5.365483846,0,-5.365483846
7/7/2022 7:30,0,-6.220043038,0,-6.220043038
7/7/2022 7:45,0,-7.143313384,0,-7.143313384
7/7/2022 8:00,0,-8.067796481,0,-8.067796481
7/7/2022 8:15,0,-8.34564716,0,-8.34564716
7/7/2022 8:30,0,-8.622161775,0,-8.622161775
7/7/2022 8:45,0,-8.894552741,0,-8.894552741
7/7/2022 9:00,0,-9.122106496,0,-9.122106496
7/7/2022 9:15,0,-9.214682112,0,-9.214682112
7/7/2022 9:30,0,-9.277775976,0,-9.277775976
7/7/2022 9:45,0,-9.224931601,0,-9.224931601
7/7/2022 10:00,0,-9.202442413,0,-9.202442413
7/7/2022 10:15,0,-9.112945891,0,-9.112945891
7/7/2022 10:30,0,-8.943452055,0,-8.943452055
7/7/2022 10:45,0,-8.734353766,0,-8.734353766
7/7/2022 11:00,0,-8.418973016,0,-8.418973016
7/7/2022 11:15,0,-8.460643599,0,-8.460643599
7/7/2022 11:30,0,-7.500311717,0,-7.500311717
7/7/2022 11:45,0,-6.676811378,0,-6.676811378
7/7/2022 12:00,0,-5.641959865,0,-5.641959865
7/7/2022 12:15,0,-3.893291015,0,-3.893291015
7/7/2022 12:30,0,-0.689874448,0,-0.689874448
7/7/2022 12:45,4.227923453,3.638778605,4.194596341,12.0612984
7/7/2022 13:00,4.95558923,4.193433788,4.925218645,14.07424166
7/7/2022 13:15,4.999936794,3.983586104,4.956655925,13.94017882
7/7/2022 13:30,4.93759021,3.757690234,4.905353278,13.60063372
7/7/2022 13:45,4.646845623,3.534910431,4.615364662,12.79712072
7/7/2022 14:00,4.369475652,3.32158285,4.338778005,12.02983651
7/7/2022 14:15,4.096748907,3.109976441,4.068039333,11.27476468
7/7/2022 14:30,3.826061262,2.897990054,3.798710851,10.52276217
7/7/2022 14:45,3.566806792,2.694380857,3.541206499,9.802394148
7/7/2022 15:00,3.319730475,2.499986195,3.296299457,9.116016127
7/7/2022 15:15,3.092981308,2.322580457,3.071569578,8.487131343
7/7/2022 15:30,2.872101242,2.147941345,2.852798219,7.872840806
7/7/2022 15:45,2.668858498,1.988323656,2.651356786,7.30853894
7/7/2022 16:00,2.481964445,2.470422396,2.463655168,7.416042009
7/7/2022 16:15,2.270162256,2.260012793,2.254108853,6.784283902
7/7/2022 16:30,2.073259632,2.06306836,2.059381711,6.195709702
7/7/2022 16:45,1.894309829,1.885159501,1.882318727,5.661788057
7/7/2022 17:00,1.726948401,1.718693383,1.71656841,5.162210193
7/7/2022 17:15,1.572886162,1.565415904,1.563803225,4.702105291
7/7/2022 17:30,1.426554021,1.419321803,1.418746405,4.264622229
7/7/2022 17:45,1.300820715,1.297701068,1.29444552,3.892967303
7/7/2022 18:00,1.067644159,1.075159052,1.063808121,3.206611332
7/7/2022 18:15,0,-0.959066044,0,-0.959066044
7/7/2022 18:30,0,-2.035065578,0,-2.035065578
7/7/2022 18:45,0,-2.350901269,0,-2.350901269
7/7/2022 19:00,0,-3.090857672,0,-3.090857672
7/7/2022 19:15,0,-4.070451254,0,-4.070451254
7/7/2022 19:30,0,-4.882012135,0,-4.882012135
7/7/2022 19:45,0,-5.622674651,0,-5.622674651
7/7/2022 20:00,0,-6.518133505,0,-6.518133505
7/7/2022 20:15,0,-7.671432619,0,-7.671432619
7/7/2022 20:30,0,-8.309950245,0,-8.309950245
7/7/2022 20:45,0,-8.60542587,0,-8.60542587
7/7/2022 21:00,0,-8.960904825,0,-8.960904825
7/7/2022 21:15,0,-9.197825974,0,-9.197825974
7/7/2022 21:30,0,-9.411148255,0,-9.411148255
7/7/2022 21:45,0,-9.528310238,0,-9.528310238
7/7/2022 22:00,0,-9.596453914,0,-9.596453914
7/7/2022 22:15,0,-9.674132585,0,-9.674132585
7/7/2022 22:30,0,-9.604449918,0,-9.604449918
7/7/2022 22:45,0,-9.528529051,0,-9.528529051
7/7/2022 23:00,0,-9.41183856,0,-9.41183856
7/7/2022 23:15,0,-9.218919871,0,-9.218919871
7/7/2022 23:30,0,-8.875923789,0,-8.875923789
7/7/2022 23:45,0,-8.633224092,0,-8.633224092
7/8/2022 0:00,0,-8.321673331,0,-8.321673331
7/8/2022 0:15,0,-7.968705659,0,-7.968705659
7/8/2022 0:30,0,-7.254676107,0,-7.254676107
7/8/2022 0:45,0,-5.946202769,0,-5.946202769
7/8/2022 1:00,0,-4.219741919,0,-4.219741919
7/8/2022 1:15,0,-1.64544767,0,-1.64544767
7/8/2022 1:30,4.927769431,4.218578518,4.893692813,14.04004076
7/8/2022 1:45,5.226422869,4.349359757,5.195913535,14.77169616
7/8/2022 2:00,5.362758832,4.076815301,5.327700769,14.7672749
7/8/2022 2:15,5.050136429,3.839777785,5.016389754,13.90630397
7/8/2022 2:30,4.754737531,3.615127901,4.722164823,13.09203026
7/8/2022 2:45,4.472984664,3.399820016,4.441594617,12.3143993
7/8/2022 3:00,4.196212731,3.185252767,4.166509003,11.5479745
7/8/2022 3:15,3.930378952,2.978907657,3.902139202,10.81142581
7/8/2022 3:30,3.666752498,2.77243852,3.640325055,10.07951607
7/8/2022 3:45,3.415467199,2.57508933,3.391036736,9.381593265
7/8/2022 4:00,3.176463123,2.386917528,3.154300293,8.717680943
7/8/2022 4:15,2.957998734,2.216020316,2.93785323,8.111872279
7/8/2022 4:30,2.744169574,2.046702033,2.726095333,7.51696694
7/8/2022 4:45,2.548414737,1.8930289,2.5319875,6.973431137
7/8/2022 5:00,2.348001583,2.33677242,2.330902561,7.015676565
7/8/2022 5:15,2.150445338,2.140592968,2.135733033,6.426771339
7/8/2022 5:30,1.966328757,1.957803591,1.953764662,5.877897009
7/8/2022 5:45,1.789091472,1.781041765,1.778293641,5.348426878
7/8/2022 6:00,1.62914336,1.623831753,1.620133954,4.873109067
7/8/2022 6:15,1.482363499,1.480003694,1.475229452,4.437596645
7/8/2022 6:30,1.204489247,1.219061104,1.199560376,3.623110728
7/8/2022 6:45,0,2.590569891,0,2.590569891
7/8/2022 7:00,0,-1.674379926,0,-1.674379926
7/8/2022 7:15,0,-2.250786971,0,-2.250786971
7/8/2022 7:30,0,-2.761831955,0,-2.761831955
7/8/2022 7:45,0,-3.562642155,0,-3.562642155
7/8/2022 8:00,0,-4.406092858,0,-4.406092858
7/8/2022 8:15,0,-5.253438712,0,-5.253438712
7/8/2022 8:30,0,-6.120821304,0,-6.120821304
7/8/2022 8:45,0,-6.99262058,0,-6.99262058
7/8/2022 9:00,0,-7.577666861,0,-7.577666861
7/8/2022 9:15,0,-8.555720327,0,-8.555720327
7/8/2022 9:30,0,-8.554027104,0,-8.554027104
7/8/2022 9:45,0,-8.766942844,0,-8.766942844
7/8/2022 10:00,0,-8.960106011,0,-8.960106011
7/8/2022 10:15,0,-8.974754971,0,-8.974754971
7/8/2022 10:30,0,-9.119000005,0,-9.119000005
7/8/2022 10:45,0,-9.044438091,0,-9.044438091
7/8/2022 11:00,0,-9.00588864,0,-9.00588864
7/8/2022 11:15,0,-8.7992408,0,-8.7992408
7/8/2022 11:30,0,-8.638204541,0,-8.638204541
7/8/2022 11:45,0,-8.421521393,0,-8.421521393
7/8/2022 12:00,0,-8.688519679,0,-8.688519679
7/8/2022 12:15,0,-7.708775021,0,-7.708775021
7/8/2022 12:30,0,-7.07886697,0,-7.07886697
7/8/2022 12:45,0,-6.341604292,0,-6.341604292
7/8/2022 13:00,0,-4.990967186,0,-4.990967186
7/8/2022 13:15,0,-3.534644038,0,-3.534644038
7/8/2022 13:30,1.217952536,1.031895877,1.199954804,3.449803216
7/8/2022 13:45,4.5853432,3.947611072,4.551198907,13.08415318
7/8/2022 14:00,4.855723552,4.049020561,4.826417624,13.73116174
7/8/2022 14:15,4.987873861,3.797575643,4.955870354,13.74131986
7/8/2022 14:30,4.693165907,3.572363412,4.662235921,12.92776524
7/8/2022 14:45,4.412462629,3.356967241,4.382636708,12.15206658
7/8/2022 15:00,4.137048754,3.143124196,4.108852815,11.38902576
7/8/2022 15:15,3.864145506,2.929046648,3.83700803,10.63020018
7/8/2022 15:30,3.602357299,2.723178643,3.576779432,9.902315375
7/8/2022 15:45,3.360857438,2.534279945,3.337151274,9.232288657
7/8/2022 16:00,3.124298258,2.347369966,3.10259541,8.574263634
7/8/2022 16:15,2.907272225,2.177213795,2.887685737,7.972171757
7/8/2022 16:30,2.696065153,2.009634102,2.67829648,7.383995734
7/8/2022 16:45,2.516557305,2.502468266,2.49887194,7.517897511
7/8/2022 17:00,2.296771315,2.286277329,2.280363488,6.863412132
7/8/2022 17:15,2.096352913,2.085928686,2.082385089,6.264666688
7/8/2022 17:30,1.91623366,1.9068226,1.904019544,5.727075804
7/8/2022 17:45,1.746972229,1.738470415,1.736382428,5.221825072
7/8/2022 18:00,1.590801063,1.583145525,1.58155651,4.755503097
7/8/2022 18:15,1.447071168,1.440690041,1.439070057,4.326831266
7/8/2022 18:30,1.315223247,1.312366304,1.308718368,3.936307919
7/8/2022 18:45,1.095711151,1.098128642,1.091669066,3.285508858
7/8/2022 19:00,0,-0.691269401,0,-0.691269401
7/8/2022 19:15,0,-1.875342706,0,-1.875342706
7/8/2022 19:30,0,-2.280385655,0,-2.280385655
7/8/2022 19:45,0,-3.021893935,0,-3.021893935
7/8/2022 20:00,0,-3.888937363,0,-3.888937363
7/8/2022 20:15,0,-4.782743545,0,-4.782743545
7/8/2022 20:30,0,-5.540775025,0,-5.540775025
7/8/2022 20:45,0,-6.553634968,0,-6.553634968
7/8/2022 21:00,0,-7.68933373,0,-7.68933373
7/8/2022 21:15,0,-8.582348921,0,-8.582348921
7/8/2022 21:30,0,-8.595260295,0,-8.595260295
7/8/2022 21:45,0,-9.065057146,0,-9.065057146
7/8/2022 22:00,0,-9.241716079,0,-9.241716079
7/8/2022 22:15,0,-9.695282936,0,-9.695282936
7/8/2022 22:30,0,-9.700049055,0,-9.700049055
7/8/2022 22:45,0,-10.03182838,0,-10.03182838
7/8/2022 23:00,0,-9.867250769,0,-9.867250769
7/8/2022 23:15,0,-10.03342297,0,-10.03342297
7/8/2022 23:30,0,-9.745937964,0,-9.745937964
7/8/2022 23:45,0,-9.860445631,0,-9.860445631
7/9/2022 0:00,0,-9.463402553,0,-9.463402553
7/9/2022 0:15,0,-9.39946409,0,-9.39946409
7/9/2022 0:30,0,-8.910982461,0,-8.910982461
7/9/2022 0:45,0,-8.731998835,0,-8.731998835
7/9/2022 1:00,0,-8.332475204,0,-8.332475204
7/9/2022 1:15,0,-8.113318333,0,-8.113318333
7/9/2022 1:30,0,-7.192632748,0,-7.192632748
7/9/2022 1:45,0,-5.797540104,0,-5.797540104
7/9/2022 2:00,0,-3.875016793,0,-3.875016793
7/9/2022 2:15,2.087083068,1.692844806,2.058010674,5.837938547
7/9/2022 2:30,5.322631239,4.520843346,5.291212127,15.13468671
7/9/2022 2:45,5.321279815,4.382679895,5.291383112,14.99534282
7/9/2022 3:00,5.425441256,4.123134832,5.389851349,14.93842744
7/9/2022 3:15,5.111650804,3.884802103,5.076731476,14.07318438
7/9/2022 3:30,4.814091803,3.658441665,4.780525744,13.25305921
7/9/2022 3:45,4.530425973,3.441855805,4.498103026,12.4703848
7/9/2022 4:00,4.259400264,3.233959272,4.228198654,11.72155819
7/9/2022 4:15,3.984177843,3.019433004,3.955305995,10.95891684
7/9/2022 4:30,3.718948204,2.812015692,3.691937999,10.22290189
7/9/2022 4:45,3.465342583,2.613236257,3.44048175,9.51906059
7/9/2022 5:00,3.232012337,2.431289123,3.209257121,8.872558581
7/9/2022 5:15,3.0040266,2.251507606,2.983404328,8.238938535
7/9/2022 5:30,2.794701878,2.087499709,2.776044929,7.658246516
7/9/2022 5:45,2.590370956,1.925581155,2.573615866,7.089567976
7/9/2022 6:00,2.392471432,2.380653468,2.375038691,7.148163591
7/9/2022 6:15,2.193254277,2.182753988,2.177981225,6.55398949
7/9/2022 6:30,2.007161711,1.997888136,1.994063598,5.999113445
7/9/2022 6:45,1.832234631,1.82407232,1.820961211,5.477268163
7/9/2022 7:00,1.665177262,1.657508719,1.655554606,4.978240587
7/9/2022 7:15,1.515489024,1.511279114,1.507533489,4.534301628
7/9/2022 7:30,1.277427142,1.367260172,1.267036923,3.911724237
7/9/2022 7:45,0,1.185442146,0,1.185442146
7/9/2022 8:00,0,-1.564185808,0,-1.564185808
7/9/2022 8:15,0,-2.343607318,0,-2.343607318
7/9/2022 8:30,0,-2.990813482,0,-2.990813482
7/9/2022 8:45,0,-3.807279809,0,-3.807279809
7/9/2022 9:00,0,-4.668614293,0,-4.668614293
7/9/2022 9:15,0,-5.582262118,0,-5.582262118
7/9/2022 9:30,0,-6.386784551,0,-6.386784551
7/9/2022 9:45,0,-7.389021295,0,-7.389021295
7/9/2022 10:00,0,-8.368808751,0,-8.368808751
7/9/2022 10:15,0,-8.48663398,0,-8.48663398
7/9/2022 10:30,0,-8.750306106,0,-8.750306106
7/9/2022 10:45,0,-9.003472461,0,-9.003472461
7/9/2022 11:00,0,-9.128036548,0,-9.128036548
7/9/2022 11:15,0,-9.169607938,0,-9.169607938
7/9/2022 11:30,0,-9.205816337,0,-9.205816337
7/9/2022 11:45,0,-9.05817317,0,-9.05817317
7/9/2022 12:00,0,-9.014970686,0,-9.014970686
7/9/2022 12:15,0,-8.87416412,0,-8.87416412
7/9/2022 12:30,0,-8.786051158,0,-8.786051158
7/9/2022 12:45,0,-8.525612601,0,-8.525612601
7/9/2022 13:00,0,-8.359115591,0,-8.359115591
7/9/2022 13:15,0,-7.907335072,0,-7.907335072
7/9/2022 13:30,0,-7.270273468,0,-7.270273468
7/9/2022 13:45,0,-6.582224854,0,-6.582224854
7/9/2022 14:00,0,-5.206138307,0,-5.206138307
7/9/2022 14:15,0,-3.759576924,0,-3.759576924
7/9/2022 14:30,2.487328431,2.048570317,2.444128398,6.980027146
7/9/2022 14:45,4.959857953,4.207642279,4.9278555,14.09535573
7/9/2022 15:00,5.042086147,4.019977424,4.998436117,14.06049969
7/9/2022 15:15,4.983375688,3.791979088,4.950728262,13.72608304
7/9/2022 15:30,4.689635199,3.567863756,4.658124569,12.91562352
7/9/2022 15:45,4.409412437,3.353238319,4.379129265,12.14178002
7/9/2022 16:00,4.134689528,3.139914644,4.105934228,11.3805384
7/9/2022 16:15,3.861955786,2.926042781,3.834438567,10.62243713
7/9/2022 16:30,3.600607838,2.720706134,3.574783581,9.896097553
7/9/2022 16:45,3.359153349,2.532261935,3.33536959,9.226784875
7/9/2022 17:00,3.122886064,2.345783602,3.101163992,8.569833658
7/9/2022 17:15,2.906094414,2.175985866,2.886507145,7.968587425
7/9/2022 17:30,2.695126499,2.008727836,2.677360105,7.38121444
7/9/2022 17:45,2.514086453,2.500922805,2.495298053,7.510307311
7/9/2022 18:00,2.296195726,2.285681354,2.279794307,6.861671387
7/9/2022 18:15,2.096060457,2.085624477,2.082093776,6.263778711
7/9/2022 18:30,1.916137507,1.906719351,1.903924261,5.726781119
7/9/2022 18:45,1.74706702,1.738553521,1.736474627,5.222095168
7/9/2022 19:00,1.591082996,1.583395248,1.58183126,4.756309504
7/9/2022 19:15,1.447402281,1.441072928,1.439414288,4.327889498
7/9/2022 19:30,1.315291746,1.312926405,1.309162286,3.937380437
7/9/2022 19:45,1.010543103,1.039395824,1.005645736,3.055584664
7/9/2022 20:00,0,-1.260200521,0,-1.260200521
7/9/2022 20:15,0,-1.838511029,0,-1.838511029
7/9/2022 20:30,0,-2.560369644,0,-2.560369644
7/9/2022 20:45,0,-3.327313831,0,-3.327313831
7/9/2022 21:00,0,-4.281996083,0,-4.281996083
7/9/2022 21:15,0,-5.202582687,0,-5.202582687
7/9/2022 21:30,0,-6.220727581,0,-6.220727581
7/9/2022 21:45,0,-7.541567644,0,-7.541567644
7/9/2022 22:00,0,-8.315646646,0,-8.315646646
7/9/2022 22:15,0,-8.700146398,0,-8.700146398
7/9/2022 22:30,0,-9.145037551,0,-9.145037551
7/9/2022 22:45,0,-9.403773194,0,-9.403773194
7/9/2022 23:00,0,-9.730928772,0,-9.730928772
7/9/2022 23:15,0,-9.956918426,0,-9.956918426
7/9/2022 23:30,0,-10.09952314,0,-10.09952314
7/9/2022 23:45,0,-10.17906336,0,-10.17906336
7/10/2022 0:00,0,-10.22346797,0,-10.22346797
7/10/2022 0:15,0,-10.19004869,0,-10.19004869
7/10/2022 0:30,0,-10.04450069,0,-10.04450069
7/10/2022 0:45,0,-9.959709722,0,-9.959709722
7/10/2022 1:00,0,-9.688307266,0,-9.688307266
7/10/2022 1:15,0,-9.421322686,0,-9.421322686
7/10/2022 1:30,0,-9.095055531,0,-9.095055531
7/10/2022 1:45,0,-8.74874309,0,-8.74874309
7/10/2022 2:00,0,-8.330991019,0,-8.330991019
7/10/2022 2:15,0,-7.979210041,0,-7.979210041
7/10/2022 2:30,0,-6.809335017,0,-6.809335017
7/10/2022 2:45,0,-5.286572802,0,-5.286572802
7/10/2022 3:00,0,-2.495010773,0,-2.495010773
7/10/2022 3:15,5.090040576,4.340652589,5.056350411,14.48704358
7/10/2022 3:30,5.519833589,4.600161452,5.488402171,15.60839721
7/10/2022 3:45,5.678395025,4.312444541,5.641565911,15.63240548
7/10/2022 4:00,5.352582343,4.064395415,5.315741392,14.73271915
7/10/2022 4:15,5.043783395,3.829367695,5.007653763,13.88080485
7/10/2022 4:30,4.750247097,3.605853381,4.715415886,13.07151636
7/10/2022 4:45,4.470010664,3.392301852,4.436688066,12.29900058
7/10/2022 5:00,4.194288197,3.179698119,4.16336634,11.53735266
7/10/2022 5:15,3.920521428,2.967023906,3.891823172,10.77936851
7/10/2022 5:30,3.666644004,2.770553057,3.639948104,10.07714517
7/10/2022 5:45,3.416262418,2.574543868,3.391688075,9.382494361
7/10/2022 6:00,3.178100355,2.387484492,3.15588201,8.721466857
7/10/2022 6:15,2.960415645,2.217463668,2.940223713,8.118103026
7/10/2022 6:30,2.747293926,2.048843882,2.729170587,7.525308395
7/10/2022 6:45,2.552147125,1.895773181,2.535660439,6.983580745
7/10/2022 7:00,2.352531206,2.341166739,2.335386411,7.029084356
7/10/2022 7:15,2.155499037,2.145468607,2.140701079,6.441668722
7/10/2022 7:30,1.972018609,1.963121192,1.959334237,5.894474038
7/10/2022 7:45,1.795773225,1.786651187,1.784713117,5.367137529
7/10/2022 8:00,1.637542613,1.629208979,1.627833696,4.894585288
7/10/2022 8:15,1.491930038,1.484364185,1.483377198,4.459671421
7/10/2022 8:30,1.357123119,1.351350881,1.349877749,4.058351749
7/10/2022 8:45,1.234496794,1.232944213,1.230203235,3.697644242
7/10/2022 9:00,0.62010109,0.685942472,0.61392715,1.919970712
7/10/2022 9:15,0,-1.898660965,0,-1.898660965
7/10/2022 9:30,0,-2.26126017,0,-2.26126017
7/10/2022 9:45,0,-3.015268092,0,-3.015268092
7/10/2022 10:00,0,-3.936138763,0,-3.936138763
7/10/2022 10:15,0,-4.884512314,0,-4.884512314
7/10/2022 10:30,0,-5.822722966,0,-5.822722966
7/10/2022 10:45,0,-6.714977623,0,-6.714977623
7/10/2022 11:00,0,-7.794428737,0,-7.794428737
7/10/2022 11:15,0,-8.333030736,0,-8.333030736
7/10/2022 11:30,0,-8.60888564,0,-8.60888564
7/10/2022 11:45,0,-8.995280791,0,-8.995280791
7/10/2022 12:00,0,-9.016484846,0,-9.016484846
7/10/2022 12:15,0,-9.281220381,0,-9.281220381
7/10/2022 12:30,0,-9.18481888,0,-9.18481888
7/10/2022 12:45,0,-9.327030172,0,-9.327030172
7/10/2022 13:00,0,-9.068809161,0,-9.068809161
7/10/2022 13:15,0,-9.095759064,0,-9.095759064
7/10/2022 13:30,0,-8.820848949,0,-8.820848949
7/10/2022 13:45,0,-8.665816852,0,-8.665816852
7/10/2022 14:00,0,-8.348214735,0,-8.348214735
7/10/2022 14:15,0,-8.300843913,0,-8.300843913
7/10/2022 14:30,0,-7.204934545,0,-7.204934545
7/10/2022 14:45,0,-6.370117452,0,-6.370117452
7/10/2022 15:00,0,-5.236185224,0,-5.236185224
7/10/2022 15:15,0,-3.572800223,0,-3.572800223
7/10/2022 15:30,0.146192189,-0.046381007,0.160710554,0.260521736
7/10/2022 15:45,4.689154379,4.008626941,4.65551638,13.3532977
7/10/2022 16:00,4.769911533,3.94431481,4.742249012,13.45647536
7/10/2022 16:15,4.861142717,3.700966247,4.829693037,13.391802
7/10/2022 16:30,4.572129835,3.479122634,4.54136606,12.59261853
7/10/2022 16:45,4.296697295,3.266687493,4.266595394,11.82998018
7/10/2022 17:00,4.017551886,3.048171748,3.989278309,11.05500194
7/10/2022 17:15,3.748934471,2.837205018,3.722055731,10.30819522
7/10/2022 17:30,3.500023538,2.643083951,3.475037943,9.618145432
7/10/2022 17:45,3.255914078,2.450660881,3.232997818,8.939572776
7/10/2022 18:00,3.024380464,2.26777517,3.003715013,8.295870646
7/10/2022 18:15,2.813131841,2.102091377,2.794314781,7.709537998
7/10/2022 18:30,2.606057776,1.937914502,2.589260356,7.133232634
7/10/2022 18:45,2.414714898,2.40402053,2.397019718,7.215755146
7/10/2022 19:00,2.206835213,2.196157014,2.191410087,6.594402314
7/10/2022 19:15,2.018613945,2.00912859,2.005368187,6.033110722
7/10/2022 19:30,1.841796552,1.833304221,1.830391101,5.505491874
7/10/2022 19:45,1.67335712,1.664674636,1.663486075,5.001517832
7/10/2022 20:00,1.523734777,1.515766554,1.514930928,4.554432259
7/10/2022 20:15,1.385350728,1.378937619,1.377768964,4.142057311
7/10/2022 20:30,1.258228016,1.256116906,1.253744901,3.768089823
7/10/2022 20:45,0.70653192,0.762648503,0.701258046,2.170438469
7/10/2022 21:00,0,-1.923307556,0,-1.923307556
7/10/2022 21:15,0,-2.29240133,0,-2.29240133
7/10/2022 21:30,0,-3.147412461,0,-3.147412461
7/10/2022 21:45,0,-4.060897889,0,-4.060897889
7/10/2022 22:00,0,-5.103039116,0,-5.103039116
7/10/2022 22:15,0,-6.143369773,0,-6.143369773
7/10/2022 22:30,0,-7.420188492,0,-7.420188492
7/10/2022 22:45,0,-8.648418371,0,-8.648418371
7/10/2022 23:00,0,-8.688107325,0,-8.688107325
7/10/2022 23:15,0,-9.223435418,0,-9.223435418
7/10/2022 23:30,0,-9.628145925,0,-9.628145925
7/10/2022 23:45,0,-9.902992462,0,-9.902992462
7/11/2022 0:00,0,-10.22387195,0,-10.22387195
7/11/2022 0:15,0,-10.32521124,0,-10.32521124
7/11/2022 0:30,0,-10.51082159,0,-10.51082159
7/11/2022 0:45,0,-10.4607632,0,-10.4607632
7/11/2022 1:00,0,-10.57024636,0,-10.57024636
7/11/2022 1:15,0,-10.43308506,0,-10.43308506
7/11/2022 1:30,0,-10.39055414,0,-10.39055414
7/11/2022 1:45,0,-10.11250364,0,-10.11250364
7/11/2022 2:00,0,-9.947229308,0,-9.947229308
7/11/2022 2:15,0,-9.6103043,0,-9.6103043
7/11/2022 2:30,0,-9.324414942,0,-9.324414942
7/11/2022 2:45,0,-8.7775673,0,-8.7775673
7/11/2022 3:00,0,-8.412808692,0,-8.412808692
7/11/2022 3:15,0,-8.148747975,0,-8.148747975
7/11/2022 3:30,0,-6.772922985,0,-6.772922985
7/11/2022 3:45,0,-4.382063488,0,-4.382063488
7/11/2022 4:00,2.641783234,2.117850287,2.581771595,7.341405116
7/11/2022 4:15,5.562813998,4.71484975,5.53306564,15.81072939
7/11/2022 4:30,5.726934986,4.530772415,5.682649479,15.94035688
7/11/2022 4:45,5.636334459,4.277967742,5.598748733,15.51305093
7/11/2022 5:00,5.313609595,4.033342156,5.276242811,14.62319456
7/11/2022 5:15,5.007763117,3.80046182,4.971200568,13.77942551
7/11/2022 5:30,4.71689241,3.578901901,4.681534905,12.97732922
7/11/2022 5:45,4.438660623,3.367012387,4.405069185,12.2107422
7/11/2022 6:00,4.164879777,3.156323061,4.13399794,11.45520078
7/11/2022 6:15,3.892989438,2.945229449,3.86434686,10.70256575
7/11/2022 6:30,3.640511026,2.750179795,3.614029766,10.00472059
7/11/2022 6:45,3.391974584,2.555643982,3.367639811,9.315258377
7/11/2022 7:00,3.15579814,2.370180703,3.13373313,8.659711972
7/11/2022 7:15,2.939471334,2.201204699,2.919504028,8.060180061
7/11/2022 7:30,2.728453442,2.034244129,2.710366767,7.473064338
7/11/2022 7:45,2.534099337,1.881754676,2.517793477,6.93364749
7/11/2022 8:00,2.333636669,2.322521606,2.316712059,6.972870334
7/11/2022 8:15,2.138182797,2.128384703,2.123609488,6.390176989
7/11/2022 8:30,1.950666142,1.940874731,1.938286163,5.829827036
7/11/2022 8:45,1.781550243,1.772587883,1.770606692,5.324744818
7/11/2022 9:00,1.624660824,1.616465484,1.615071251,4.856197559
7/11/2022 9:15,1.480532808,1.472964897,1.472064685,4.425562389
7/11/2022 9:30,1.348637599,1.341679942,1.341151644,4.031469185
7/11/2022 9:45,1.22667083,1.222312994,1.220590209,3.669574033
7/11/2022 10:00,1.016211803,1.018629683,1.012934847,3.047776332
7/11/2022 10:15,0,-1.249667981,0,-1.249667981
7/11/2022 10:30,0,-1.966737341,0,-1.966737341
7/11/2022 10:45,0,-2.791406311,0,-2.791406311
7/11/2022 11:00,0,-3.931214962,0,-3.931214962
7/11/2022 11:15,0,-4.928115054,0,-4.928115054
7/11/2022 11:30,0,-5.918871692,0,-5.918871692
7/11/2022 11:45,0,-7.160219409,0,-7.160219409
7/11/2022 12:00,0,-8.468842147,0,-8.468842147
7/11/2022 12:15,0,-8.489477334,0,-8.489477334
7/11/2022 12:30,0,-8.772996257,0,-8.772996257
7/11/2022 12:45,0,-9.087746705,0,-9.087746705
7/11/2022 13:00,0,-9.355224968,0,-9.355224968
7/11/2022 13:15,0,-9.449647705,0,-9.449647705
7/11/2022 13:30,0,-9.504506482,0,-9.504506482
7/11/2022 13:45,0,-9.514162581,0,-9.514162581
7/11/2022 14:00,0,-9.42523491,0,-9.42523491
7/11/2022 14:15,0,-9.327635202,0,-9.327635202
7/11/2022 14:30,0,-9.037368145,0,-9.037368145
7/11/2022 14:45,0,-8.75267467,0,-8.75267467
7/11/2022 15:00,0,-8.41974584,0,-8.41974584
7/11/2022 15:15,0,-8.554893676,0,-8.554893676
7/11/2022 15:30,0,-7.327295637,0,-7.327295637
7/11/2022 15:45,0,-6.566634592,0,-6.566634592
7/11/2022 16:00,0,-5.472236951,0,-5.472236951
7/11/2022 16:15,0,-4.257905012,0,-4.257905012
7/11/2022 16:30,0,-1.268867569,0,-1.268867569
7/11/2022 16:45,4.789750371,4.085241451,4.755854588,13.63084641
7/11/2022 17:00,5.06086059,3.977518017,5.015362447,14.05374105
7/11/2022 17:15,4.924876587,3.747068205,4.892375053,13.56431985
7/11/2022 17:30,4.633428684,3.524292782,4.60191295,12.75963442
7/11/2022 17:45,4.35554108,3.310504529,4.32479804,11.99084365
7/11/2022 18:00,4.082603917,3.098894574,4.053753469,11.23525196
7/11/2022 18:15,3.81133067,2.886163571,3.783897907,10.48139215
7/11/2022 18:30,3.551864609,2.682502265,3.52632486,9.760691735
7/11/2022 18:45,3.304965507,2.488235058,3.281573801,9.074774366
7/11/2022 19:00,3.077913628,2.310751852,3.0566632,8.445328681
7/11/2022 19:15,2.85738365,2.136318714,2.838170646,7.831873011
7/11/2022 19:30,2.654005718,1.97675361,2.636667193,7.267426521
7/11/2022 19:45,2.462814269,2.451519186,2.444738126,7.359071582
7/11/2022 20:00,2.248228929,2.237074055,2.232512043,6.717815028
7/11/2022 20:15,2.057977359,2.047969263,2.044262591,6.150209214
7/11/2022 20:30,1.879261624,1.870293467,1.867437926,5.616993017
7/11/2022 20:45,1.712345819,1.704262895,1.702120886,5.118729601
7/11/2022 21:00,1.554148007,1.545882127,1.545281977,4.645312111
7/11/2022 21:15,1.412757423,1.406623654,1.40527177,4.224652847
7/11/2022 21:30,1.28659655,1.286582177,1.281847504,3.855026231
7/11/2022 21:45,0,-1.956197829,0,-1.956197829
7/11/2022 22:00,0,-1.81519304,0,-1.81519304
7/11/2022 22:15,0,-2.643543966,0,-2.643543966
7/11/2022 22:30,0,-3.783664803,0,-3.783664803
7/11/2022 22:45,0,-4.906215901,0,-4.906215901
7/11/2022 23:00,0,-5.805028121,0,-5.805028121
7/11/2022 23:15,0,-7.223641888,0,-7.223641888
7/11/2022 23:30,0,-8.549854766,0,-8.549854766
7/11/2022 23:45,0,-8.76861752,0,-8.76861752
7/12/2022 0:00,0,-9.341180713,0,-9.341180713
7/12/2022 0:15,0,-9.847273259,0,-9.847273259
7/12/2022 0:30,0,-10.18182932,0,-10.18182932
7/12/2022 0:45,0,-10.49182327,0,-10.49182327
7/12/2022 1:00,0,-10.66037898,0,-10.66037898
7/12/2022 1:15,0,-10.86243104,0,-10.86243104
7/12/2022 1:30,0,-10.93710607,0,-10.93710607
7/12/2022 1:45,0,-11.00817461,0,-11.00817461
7/12/2022 2:00,0,-11.01577229,0,-11.01577229
7/12/2022 2:15,0,-10.95469771,0,-10.95469771
7/12/2022 2:30,0,-10.82909364,0,-10.82909364
7/12/2022 2:45,0,-10.59859339,0,-10.59859339
7/12/2022 3:00,0,-10.30634023,0,-10.30634023
7/12/2022 3:15,0,-10.0422276,0,-10.0422276
7/12/2022 3:30,0,-9.549940652,0,-9.549940652
7/12/2022 3:45,0,-9.12386371,0,-9.12386371
7/12/2022 4:00,0,-8.519935967,0,-8.519935967
7/12/2022 4:15,0,-8.256049098,0,-8.256049098
7/12/2022 4:30,0,-7.175776854,0,-7.175776854
7/12/2022 4:45,0,-5.100864189,0,-5.100864189
7/12/2022 5:00,1.742427826,1.352801234,1.723348985,4.818578045
7/12/2022 5:15,5.843762303,4.951588704,5.819590077,16.61494108
7/12/2022 5:30,6.091115654,4.766380037,6.047091119,16.90458681
7/12/2022 5:45,5.93566314,4.498804652,5.895644932,16.33011272
7/12/2022 6:00,5.598872517,4.242610345,5.558502753,15.39998561
7/12/2022 6:15,5.281008446,4.001314277,5.240920341,14.52324306
7/12/2022 6:30,4.9792571,3.772814597,4.940530527,13.69260222
7/12/2022 6:45,4.691227217,3.555247607,4.654613682,12.90108851
7/12/2022 7:00,4.415533145,3.347000362,4.381547816,12.14408132
7/12/2022 7:15,4.144431774,3.13937507,4.113532379,11.39733922
7/12/2022 7:30,3.875107636,2.930837478,3.846485356,10.65243047
7/12/2022 7:45,3.616766424,2.729834848,3.590436135,9.937037407
7/12/2022 8:00,3.378450517,2.545084655,3.354244526,9.277779697
7/12/2022 8:15,3.144558524,2.361363742,3.122548116,8.628470382
7/12/2022 8:30,2.930050389,2.193868578,2.910180089,8.034099056
7/12/2022 8:45,2.720764016,2.028280693,2.702753918,7.451798626
7/12/2022 9:00,2.527981981,1.877008156,2.51173094,6.916721078
7/12/2022 9:15,2.328084696,2.317046112,2.311234387,6.956365194
7/12/2022 9:30,2.134120745,2.124371364,2.119596538,6.378088647
7/12/2022 9:45,1.948667567,1.938855071,1.936192857,5.823715495
7/12/2022 10:00,1.780370461,1.771407631,1.769416171,5.321194263
7/12/2022 10:15,1.624465514,1.616270859,1.614874643,4.855611017
7/12/2022 10:30,1.481256819,1.473738421,1.47279205,4.42778729
7/12/2022 10:45,1.348034053,1.342575368,1.341014359,4.031623779
7/12/2022 11:00,1.126448378,1.179429079,1.122739669,3.428617126
7/12/2022 11:15,0,-1.653231178,0,-1.653231178
7/12/2022 11:30,0,-2.319387866,0,-2.319387866
7/12/2022 11:45,0,-3.176075335,0,-3.176075335
7/12/2022 12:00,0,-4.3233473,0,-4.3233473
7/12/2022 12:15,0,-5.498998484,0,-5.498998484
7/12/2022 12:30,0,-6.721050195,0,-6.721050195
7/12/2022 12:45,0,-8.285000395,0,-8.285000395
7/12/2022 13:00,0,-8.517349538,0,-8.517349538
7/12/2022 13:15,0,-8.913905333,0,-8.913905333
7/12/2022 13:30,0,-9.311005714,0,-9.311005714
7/12/2022 13:45,0,-9.685038403,0,-9.685038403
7/12/2022 14:00,0,-9.78171857,0,-9.78171857
7/12/2022 14:15,0,-9.941375361,0,-9.941375361
7/12/2022 14:30,0,-9.942165254,0,-9.942165254
7/12/2022 14:45,0,-10.00278314,0,-10.00278314
7/12/2022 15:00,0,-9.863646633,0,-9.863646633
7/12/2022 15:15,0,-9.729410136,0,-9.729410136
7/12/2022 15:30,0,-9.534670853,0,-9.534670853
7/12/2022 15:45,0,-9.173132898,0,-9.173132898
7/12/2022 16:00,0,-8.799374503,0,-8.799374503
7/12/2022 16:15,0,-8.382492447,0,-8.382492447
7/12/2022 16:30,0,-8.394905236,0,-8.394905236
7/12/2022 16:45,0,-7.183281068,0,-7.183281068
7/12/2022 17:00,0,-5.923082563,0,-5.923082563
7/12/2022 17:15,0,-4.056784152,0,-4.056784152
7/12/2022 17:30,0,-1.204461606,0,-1.204461606
7/12/2022 17:45,4.936063485,4.221860775,4.901265491,14.05918975
7/12/2022 18:00,5.268185316,4.19024222,5.22308552,14.68151306
7/12/2022 18:15,5.199301805,3.95206634,5.164248127,14.31561627
7/12/2022 18:30,4.896225684,3.721254209,4.862366581,13.47984647
7/12/2022 18:45,4.607655151,3.500664161,4.574772748,12.68309206
7/12/2022 19:00,4.332389149,3.28924359,4.300349683,11.92198242
7/12/2022 19:15,4.052542252,3.0711384,4.022898472,11.14657912
7/12/2022 19:30,3.791936774,2.869404188,3.76438738,10.42572834
7/12/2022 19:45,3.53447,2.667786199,3.508930752,9.71118695
7/12/2022 20:00,3.289552555,2.475499815,3.266205194,9.031257565
7/12/2022 20:15,3.064090964,2.299564408,3.042964,8.406619372
7/12/2022 20:30,2.845351492,2.126700307,2.826216734,7.798268533
7/12/2022 20:45,2.643361234,1.968308921,2.626110667,7.237780822
7/12/2022 21:00,2.45063529,2.439407079,2.432557813,7.322600182
7/12/2022 21:15,2.239001903,2.227955947,2.2234037,6.690361551
7/12/2022 21:30,2.050454411,2.040527087,2.036813784,6.127795282
7/12/2022 21:45,1.872889993,1.863992481,1.861130619,5.598013093
7/12/2022 22:00,1.70723642,1.69925273,1.697070996,5.103560147
7/12/2022 22:15,1.548173615,1.541173364,1.539753362,4.629100341
7/12/2022 22:30,1.411058151,1.410797666,1.405041285,4.226897103
7/12/2022 22:45,0,3.549648975,0,3.549648975
7/12/2022 23:00,0,-2.281338514,0,-2.281338514
7/12/2022 23:15,0,-3.324527315,0,-3.324527315
7/12/2022 23:30,0,-4.523034378,0,-4.523034378
7/12/2022 23:45,0,-5.500481538,0,-5.500481538
7/13/2022 0:00,0,-6.914018728,0,-6.914018728
7/13/2022 0:15,0,-8.340744216,0,-8.340744216
7/13/2022 0:30,0,-8.891609331,0,-8.891609331
7/13/2022 0:45,0,-9.581871827,0,-9.581871827
7/13/2022 1:00,0,-9.949506751,0,-9.949506751
7/13/2022 1:15,0,-10.3850145,0,-10.3850145
7/13/2022 1:30,0,-10.65874595,0,-10.65874595
7/13/2022 1:45,0,-10.96800875,0,-10.96800875
7/13/2022 2:00,0,-11.23312826,0,-11.23312826
7/13/2022 2:15,0,-11.39610572,0,-11.39610572
7/13/2022 2:30,0,-11.5136788,0,-11.5136788
7/13/2022 2:45,0,-11.44774392,0,-11.44774392
7/13/2022 3:00,0,-11.47673535,0,-11.47673535
7/13/2022 3:15,0,-11.32897687,0,-11.32897687
7/13/2022 3:30,0,-11.15356331,0,-11.15356331
7/13/2022 3:45,0,-10.9768961,0,-10.9768961
7/13/2022 4:00,0,-10.63147612,0,-10.63147612
7/13/2022 4:15,0,-10.29744303,0,-10.29744303
7/13/2022 4:30,0,-9.932430813,0,-9.932430813
7/13/2022 4:45,0,-9.466792763,0,-9.466792763
7/13/2022 5:00,0,-8.869783053,0,-8.869783053
7/13/2022 5:15,0,-8.334151794,0,-8.334151794
7/13/2022 5:30,0,-7.695755334,0,-7.695755334
7/13/2022 5:45,0,-5.653437142,0,-5.653437142
7/13/2022 6:00,1.766381916,1.330119592,1.751139957,4.847641466
7/13/2022 6:15,6.119454644,5.186861263,6.104957884,17.41127379
7/13/2022 6:30,6.525596216,4.988273727,6.482028289,17.99589823
7/13/2022 6:45,6.216263292,4.706067161,6.174193307,17.09652376
7/13/2022 7:00,5.867331978,4.440492938,5.824682959,16.13250787
7/13/2022 7:15,5.538908642,4.191578072,5.496326609,15.22681332
7/13/2022 7:30,5.227979199,3.956994137,5.186355167,14.3713285
7/13/2022 7:45,4.931639108,3.734291635,4.892315706,13.55824645
7/13/2022 8:00,4.648215071,3.521289461,4.611561493,12.78106602
7/13/2022 8:15,4.376994465,3.316512588,4.342953548,12.0364606
7/13/2022 8:30,4.109678221,3.112581455,4.079078136,11.30133781
7/13/2022 8:45,3.843878478,2.906798773,3.815520036,10.56619729
7/13/2022 9:00,3.589273013,2.708586512,3.563069746,9.860929271
7/13/2022 9:15,3.353737134,2.52603827,3.329801634,9.209577039
7/13/2022 9:30,3.123104979,2.344771909,3.10128783,8.569164719
7/13/2022 9:45,2.911347493,2.17939619,2.891664593,7.982408276
7/13/2022 10:00,2.704898479,2.015942932,2.687000909,7.40784232
7/13/2022 10:15,2.523779569,1.895705733,2.506876586,6.926361887
7/13/2022 10:30,2.315082513,2.304222028,2.298401566,6.917706108
7/13/2022 10:45,2.123429207,2.113817831,2.109036799,6.346283837
7/13/2022 11:00,1.939939073,1.930245344,1.927581663,5.79776608
7/13/2022 11:15,1.773604263,1.764718254,1.762709628,5.301032145
7/13/2022 11:30,1.619611253,1.611509529,1.610066409,4.841187191
7/13/2022 11:45,1.476450136,1.469920728,1.468295737,4.414666601
7/13/2022 12:00,1.343743248,1.343539336,1.339242576,4.02652516
7/13/2022 12:15,0,-0.350536344,0,-0.350536344
7/13/2022 12:30,0,-2.345943612,0,-2.345943612
7/13/2022 12:45,0,-3.475489702,0,-3.475489702
7/13/2022 13:00,0,-4.675968539,0,-4.675968539
7/13/2022 13:15,0,-5.935055027,0,-5.935055027
7/13/2022 13:30,0,-7.378254574,0,-7.378254574
7/13/2022 13:45,0,-8.318448244,0,-8.318448244
7/13/2022 14:00,0,-8.869448739,0,-8.869448739
7/13/2022 14:15,0,-9.242823849,0,-9.242823849
7/13/2022 14:30,0,-9.609070472,0,-9.609070472
7/13/2022 14:45,0,-9.765709712,0,-9.765709712
7/13/2022 15:00,0,-10.05679042,0,-10.05679042
7/13/2022 15:15,0,-10.07401931,0,-10.07401931
7/13/2022 15:30,0,-10.21730004,0,-10.21730004
7/13/2022 15:45,0,-9.992667559,0,-9.992667559
7/13/2022 16:00,0,-10.04220606,0,-10.04220606
7/13/2022 16:15,0,-9.779772283,0,-9.779772283
7/13/2022 16:30,0,-9.646659554,0,-9.646659554
7/13/2022 16:45,0,-9.297716096,0,-9.297716096
7/13/2022 17:00,0,-8.978543222,0,-8.978543222
7/13/2022 17:15,0,-8.635683645,0,-8.635683645
7/13/2022 17:30,0,-8.29300532,0,-8.29300532
7/13/2022 17:45,0,-7.236835164,0,-7.236835164
7/13/2022 18:00,0,-5.772195799,0,-5.772195799
7/13/2022 18:15,0,-3.719173531,0,-3.719173531
7/13/2022 18:30,1.923444776,1.567976841,1.898087133,5.38950875
7/13/2022 18:45,5.275167705,4.444953828,5.242850396,14.96297193
7/13/2022 19:00,5.536927138,4.208571541,5.500190898,15.24568958
7/13/2022 19:15,5.217925349,3.964395258,5.182013237,14.36433384
7/13/2022 19:30,4.914821736,3.733105224,4.87987172,13.52779868
7/13/2022 19:45,4.626294676,3.512480392,4.592330186,12.73110525
7/13/2022 20:00,4.350779626,3.301395692,4.318003451,11.97017877
7/13/2022 20:15,4.070474132,3.083750316,4.040545987,11.19477044
7/13/2022 20:30,3.810077502,2.882504877,3.782261417,10.4748438
7/13/2022 20:45,3.552433296,2.681110526,3.526652203,9.760196024
7/13/2022 21:00,3.307091851,2.488779317,3.283591702,9.07946287
7/13/2022 21:15,3.081521024,2.312879416,3.06018729,8.45458773
7/13/2022 21:30,2.86231509,2.139766701,2.843030845,7.845112636
7/13/2022 21:45,2.660150985,1.981297956,2.642729173,7.284178114
7/13/2022 22:00,2.471334458,2.459865776,2.453163081,7.384363315
7/13/2022 22:15,2.262779866,2.252685464,2.246821207,6.762286538
7/13/2022 22:30,2.067442412,2.057285137,2.053599672,6.178327222
7/13/2022 22:45,1.889543936,1.880429605,1.877597251,5.647570792
7/13/2022 23:00,1.723247848,1.715025214,1.712903721,5.151176783
7/13/2022 23:15,1.569915479,1.562695552,1.560916237,4.693527267
7/13/2022 23:30,1.426321223,1.424307153,1.419617538,4.270245914
7/13/2022 23:45,0.286671275,-1.490891004,0.278381372,-0.925838357
7/14/2022 0:00,0,-2.029801116,0,-2.029801116
7/14/2022 0:15,0,-3.189802394,0,-3.189802394
7/14/2022 0:30,0,-4.444725796,0,-4.444725796
7/14/2022 0:45,0,-5.56078416,0,-5.56078416
7/14/2022 1:00,0,-6.938117877,0,-6.938117877
7/14/2022 1:15,0,-8.695874724,0,-8.695874724
7/14/2022 1:30,0,-8.841231061,0,-8.841231061
7/14/2022 1:45,0,-9.479520164,0,-9.479520164
7/14/2022 2:00,0,-9.984508155,0,-9.984508155
7/14/2022 2:15,0,-10.42666686,0,-10.42666686
7/14/2022 2:30,0,-10.78525003,0,-10.78525003
7/14/2022 2:45,0,-11.07296236,0,-11.07296236
7/14/2022 3:00,0,-11.31704806,0,-11.31704806
7/14/2022 3:15,0,-11.45307031,0,-11.45307031
7/14/2022 3:30,0,-11.56714211,0,-11.56714211
7/14/2022 3:45,0,-11.57793825,0,-11.57793825
7/14/2022 4:00,0,-11.54288287,0,-11.54288287
7/14/2022 4:15,0,-11.42567498,0,-11.42567498
7/14/2022 4:30,0,-11.21905866,0,-11.21905866
7/14/2022 4:45,0,-10.99928517,0,-10.99928517
7/14/2022 5:00,0,-10.60559713,0,-10.60559713
7/14/2022 5:15,0,-10.24533281,0,-10.24533281
7/14/2022 5:30,0,-9.781292071,0,-9.781292071
7/14/2022 5:45,0,-9.307272662,0,-9.307272662
7/14/2022 6:00,0,-8.756392929,0,-8.756392929
7/14/2022 6:15,0,-8.128201951,0,-8.128201951
7/14/2022 6:30,0,-6.790430918,0,-6.790430918
7/14/2022 6:45,0,-3.678235563,0,-3.678235563
7/14/2022 7:00,5.697789315,4.798580368,5.665649836,16.16201952
7/14/2022 7:15,6.20985652,5.118368021,6.177776254,17.5060008
7/14/2022 7:30,6.335896665,4.799177298,6.294662343,17.42973631
7/14/2022 7:45,5.979937354,4.527018999,5.937684077,16.44464043
7/14/2022 8:00,5.644360725,4.271810594,5.601756629,15.51792795
7/14/2022 8:15,5.327296075,4.031913518,5.285218293,14.64442789
7/14/2022 8:30,5.025729208,3.804916435,4.985543072,13.81618872
7/14/2022 8:45,4.737674003,3.588488301,4.700116185,13.02627849
7/14/2022 9:00,4.461975979,3.381074344,4.427292984,12.27034331
7/14/2022 9:15,4.19054323,3.173832238,4.159081775,11.52345724
7/14/2022 9:30,3.920744641,2.965418952,3.891776954,10.77794055
7/14/2022 9:45,3.670674174,2.772703086,3.643821705,10.08719897
7/14/2022 10:00,3.423764924,2.579823735,3.399069259,9.402657918
7/14/2022 10:15,3.19572869,2.402598423,3.173322427,8.77164954
7/14/2022 10:30,2.973671941,2.227582202,2.953319289,8.154573432
7/14/2022 10:45,2.769078794,2.067487705,2.750672355,7.587238854
7/14/2022 11:00,2.569796126,1.909457586,2.553144255,7.032397967
7/14/2022 11:15,2.374161998,2.3624743,2.356747402,7.0933837
7/14/2022 11:30,2.178472438,2.168108965,2.163362323,6.509943727
7/14/2022 11:45,1.996217859,1.986990555,1.983232628,5.966441042
7/14/2022 12:00,1.819803756,1.810453348,1.808664588,5.438921692
7/14/2022 12:15,1.662596138,1.653966329,1.652713743,4.969276211
7/14/2022 12:30,1.517662827,1.509652039,1.508861667,4.536176532
7/14/2022 12:45,1.383315762,1.376422383,1.375669964,4.13540811
7/14/2022 13:00,1.221715603,1.256899751,1.212718815,3.691334169
7/14/2022 13:15,0,-0.483149879,0,-0.483149879
7/14/2022 13:30,0,-2.411931827,0,-2.411931827
7/14/2022 13:45,0,-3.588791362,0,-3.588791362
7/14/2022 14:00,0,-5.086413428,0,-5.086413428
7/14/2022 14:15,0,-6.415764796,0,-6.415764796
7/14/2022 14:30,0,-8.020176174,0,-8.020176174
7/14/2022 14:45,0,-8.557672961,0,-8.557672961
7/14/2022 15:00,0,-9.083321993,0,-9.083321993
7/14/2022 15:15,0,-9.504899952,0,-9.504899952
7/14/2022 15:30,0,-9.823944349,0,-9.823944349
7/14/2022 15:45,0,-10.11771069,0,-10.11771069
7/14/2022 16:00,0,-10.19934214,0,-10.19934214
7/14/2022 16:15,0,-10.32559114,0,-10.32559114
7/14/2022 16:30,0,-10.33233154,0,-10.33233154
7/14/2022 16:45,0,-10.32180123,0,-10.32180123
7/14/2022 17:00,0,-10.18617806,0,-10.18617806
7/14/2022 17:15,0,-10.01195803,0,-10.01195803
7/14/2022 17:30,0,-9.818617969,0,-9.818617969
7/14/2022 17:45,0,-9.495137455,0,-9.495137455
7/14/2022 18:00,0,-9.091500977,0,-9.091500977
7/14/2022 18:15,0,-8.585655485,0,-8.585655485
7/14/2022 18:30,0,-8.499873177,0,-8.499873177
7/14/2022 18:45,0,-7.466989091,0,-7.466989091
7/14/2022 19:00,0,-6.19688044,0,-6.19688044
7/14/2022 19:15,0,-3.985761788,0,-3.985761788
7/14/2022 19:30,3.419942759,2.854085824,3.359386299,9.633414882
7/14/2022 19:45,5.343539482,4.482709423,5.311689333,15.13793824
7/14/2022 20:00,5.555473819,4.221403255,5.519465827,15.2963429
7/14/2022 20:15,5.235190889,3.976773816,5.19902449,14.41098919
7/14/2022 20:30,4.931528934,3.745135459,4.89623753,13.57290192
7/14/2022 20:45,4.64240146,3.524215074,4.60813443,12.77475096
7/14/2022 21:00,4.366258305,3.312842236,4.333267923,12.01236846
7/14/2022 21:15,4.094453089,3.103509108,4.064346701,11.2623089
7/14/2022 21:30,3.824482449,2.89335561,3.796500852,10.51433891
7/14/2022 21:45,3.566189878,2.691559072,3.540270768,9.798019718
7/14/2022 22:00,3.31998024,2.498676715,3.296399009,9.115055964
7/14/2022 22:15,3.094106916,2.322545114,3.07263096,8.48928299
7/14/2022 22:30,2.874051388,2.14891897,2.854710578,7.877680936
7/14/2022 22:45,2.671571455,1.990140995,2.654029597,7.315742047
7/14/2022 23:00,2.48716318,2.475479088,2.468840879,7.431483147
7/14/2022 23:15,2.274538037,2.264275939,2.258420536,6.797234511
7/14/2022 23:30,2.078130522,2.067843444,2.064188453,6.210162419
7/14/2022 23:45,1.899789457,1.890547483,1.887731522,5.678068462
7/15/2022 0:00,1.732826582,1.724471659,1.722377562,5.179675804
7/15/2022 0:15,1.57905103,1.571525413,1.569918391,4.720494834
7/15/2022 0:30,1.434773216,1.431538374,1.427782625,4.294094215
7/15/2022 0:45,0.388271058,0.472822552,0.379873754,1.240967364
7/15/2022 1:00,0,-2.111632749,0,-2.111632749
7/15/2022 1:15,0,-3.295238776,0,-3.295238776
7/15/2022 1:30,0,-4.527477003,0,-4.527477003
7/15/2022 1:45,0,-5.880429691,0,-5.880429691
7/15/2022 2:00,0,-7.261847151,0,-7.261847151
7/15/2022 2:15,0,-8.302036387,0,-8.302036387
7/15/2022 2:30,0,-8.949834314,0,-8.949834314
7/15/2022 2:45,0,-9.528432055,0,-9.528432055
7/15/2022 3:00,0,-10.11149327,0,-10.11149327
7/15/2022 3:15,0,-10.53324439,0,-10.53324439
7/15/2022 3:30,0,-10.89174137,0,-10.89174137
7/15/2022 3:45,0,-11.14631709,0,-11.14631709
7/15/2022 4:00,0,-11.38017232,0,-11.38017232
7/15/2022 4:15,0,-11.50710512,0,-11.50710512
7/15/2022 4:30,0,-11.56350861,0,-11.56350861
7/15/2022 4:45,0,-11.60529036,0,-11.60529036
7/15/2022 5:00,0,-11.53620961,0,-11.53620961
7/15/2022 5:15,0,-11.39381588,0,-11.39381588
7/15/2022 5:30,0,-11.13407594,0,-11.13407594
7/15/2022 5:45,0,-10.87753931,0,-10.87753931
7/15/2022 6:00,0,-10.55214538,0,-10.55214538
7/15/2022 6:15,0,-10.17179469,0,-10.17179469
7/15/2022 6:30,0,-9.711302802,0,-9.711302802
7/15/2022 6:45,0,-9.196862393,0,-9.196862393
7/15/2022 7:00,0,-8.653511973,0,-8.653511973
7/15/2022 7:15,0,-8.436686966,0,-8.436686966
7/15/2022 7:30,0,-6.11619494,0,-6.11619494
7/15/2022 7:45,0,-2.246736822,0,-2.246736822
7/15/2022 8:00,6.057304749,5.133921352,6.035149833,17.22637593
7/15/2022 8:15,6.339518116,4.987775759,6.300134118,17.62742799
7/15/2022 8:30,6.217993867,4.709702296,6.176753172,17.10444934
7/15/2022 8:45,5.867972197,4.442410903,5.825903716,16.13628682
7/15/2022 9:00,5.538479087,4.192305991,5.496237552,15.22702263
7/15/2022 9:15,5.226637124,3.956614916,5.185244893,14.36849693
7/15/2022 9:30,4.929582489,3.733013692,4.890358894,13.55295508
7/15/2022 9:45,4.645528991,3.519380341,4.608924746,12.77383408
7/15/2022 10:00,4.37376312,3.314120208,4.339770014,12.02765334
7/15/2022 10:15,4.105994391,3.109798502,4.075435865,11.29122876
7/15/2022 10:30,3.839824912,2.903719971,3.811518479,10.55506336
7/15/2022 10:45,3.584883427,2.705221166,3.55872717,9.848831763
7/15/2022 11:00,3.349040245,2.522428368,3.325158892,9.196627505
7/15/2022 11:15,3.118243786,2.341019343,3.096482087,8.555745217
7/15/2022 11:30,2.90627723,2.175475357,2.886642386,7.968394974
7/15/2022 11:45,2.699627022,2.011855804,2.681787176,7.393270001
7/15/2022 12:00,2.529836292,2.505858034,2.514138884,7.54983321
7/15/2022 12:15,2.308872428,2.29810264,2.29227572,6.899250787
7/15/2022 12:30,2.117353042,2.107826998,2.103043697,6.328223736
7/15/2022 12:45,1.93442527,1.92475255,1.922020913,5.781198733
7/15/2022 13:00,1.767881249,1.759067933,1.757054212,5.284003395
7/15/2022 13:15,1.613989518,1.605912902,1.604490905,4.824393325
7/15/2022 13:30,1.472698868,1.465222999,1.464296335,4.402218201
7/15/2022 13:45,1.342264319,1.335812359,1.334961564,4.013038242
7/15/2022 14:00,1.209256616,1.221079352,1.200461456,3.630797424
7/15/2022 14:15,0,-1.690277579,0,-1.690277579
7/15/2022 14:30,0,-2.559638287,0,-2.559638287
7/15/2022 14:45,0,-4.003209975,0,-4.003209975
7/15/2022 15:00,0,-5.327815665,0,-5.327815665
7/15/2022 15:15,0,-6.758485724,0,-6.758485724
7/15/2022 15:30,0,-8.290376283,0,-8.290376283
7/15/2022 15:45,0,-8.634920574,0,-8.634920574
7/15/2022 16:00,0,-9.046632671,0,-9.046632671
7/15/2022 16:15,0,-9.525557312,0,-9.525557312
7/15/2022 16:30,0,-9.742497808,0,-9.742497808
7/15/2022 16:45,0,-10.0751461,0,-10.0751461
7/15/2022 17:00,0,-10.24072849,0,-10.24072849
7/15/2022 17:15,0,-10.2992259,0,-10.2992259
7/15/2022 17:30,0,-10.19239756,0,-10.19239756
7/15/2022 17:45,0,-10.13734137,0,-10.13734137
7/15/2022 18:00,0,-10.02145799,0,-10.02145799
7/15/2022 18:15,0,-9.90446069,0,-9.90446069
7/15/2022 18:30,0,-9.561858827,0,-9.561858827
7/15/2022 18:45,0,-9.136510251,0,-9.136510251
7/15/2022 19:00,0,-8.736347086,0,-8.736347086
7/15/2022 19:15,0,-8.295628646,0,-8.295628646
7/15/2022 19:30,0,-7.822091116,0,-7.822091116
7/15/2022 19:45,0,-6.646636222,0,-6.646636222
7/15/2022 20:00,0,-5.075092998,0,-5.075092998
7/15/2022 20:15,0,-2.319987518,0,-2.319987518
7/15/2022 20:30,5.022155993,4.289564473,4.986667913,14.29838838
7/15/2022 20:45,5.354318863,4.263730859,5.309411034,14.92746076
7/15/2022 21:00,5.293166863,4.021814637,5.257152503,14.572134
7/15/2022 21:15,4.985891115,3.787148022,4.950633816,13.72367295
7/15/2022 21:30,4.69369122,3.563878576,4.659388028,12.91695782
7/15/2022 21:45,4.414548829,3.350533267,4.381655284,12.14673738
7/15/2022 22:00,4.140352656,3.138743826,4.109845639,11.38894212
7/15/2022 22:15,3.868068046,2.926838396,3.83968732,10.63459376
7/15/2022 22:30,3.606978175,2.723037849,3.580825929,9.910841954
7/15/2022 22:45,3.366303358,2.536090024,3.342269692,9.244663074
7/15/2022 23:00,3.130516325,2.350710809,3.108659467,8.589886602
7/15/2022 23:15,2.914241538,2.181724755,2.894549972,7.990516266
7/15/2022 23:30,2.703756007,2.015089881,2.685887531,7.40473342
7/15/2022 23:45,2.488949672,2.410467729,2.470995938,7.37041334
7/16/2022 0:00,2.306715316,2.295994765,2.290160187,6.892870268
7/16/2022 0:15,2.112303376,2.102855104,2.098061922,6.313220402
7/16/2022 0:30,1.926952392,1.917374839,1.91461249,5.758939721
7/16/2022 0:45,1.757932613,1.749258783,1.747220267,5.254411662
7/16/2022 1:00,1.602008435,1.59408943,1.592634036,4.788731901
7/16/2022 1:15,1.459064935,1.451793534,1.450806612,4.361665081
7/16/2022 1:30,1.326051046,1.32113164,1.319327124,3.966509809
7/16/2022 1:45,1.090230456,1.096533718,1.086369646,3.273133819
7/16/2022 2:00,0,-1.833842278,0,-1.833842278
7/16/2022 2:15,0,-2.619145347,0,-2.619145347
7/16/2022 2:30,0,-4.097925418,0,-4.097925418
7/16/2022 2:45,0,-5.316872626,0,-5.316872626
7/16/2022 3:00,0,-6.365332826,0,-6.365332826
7/16/2022 3:15,0,-8.072979549,0,-8.072979549
7/16/2022 3:30,0,-8.660090162,0,-8.660090162
7/16/2022 3:45,0,-9.290108584,0,-9.290108584
7/16/2022 4:00,0,-9.899596015,0,-9.899596015
7/16/2022 4:15,0,-10.26246253,0,-10.26246253
7/16/2022 4:30,0,-10.60647396,0,-10.60647396
7/16/2022 4:45,0,-10.86490223,0,-10.86490223
7/16/2022 5:00,0,-11.08969912,0,-11.08969912
7/16/2022 5:15,0,-11.18555453,0,-11.18555453
7/16/2022 5:30,0,-11.17944005,0,-11.17944005
7/16/2022 5:45,0,-11.18544431,0,-11.18544431
7/16/2022 6:00,0,-11.14059335,0,-11.14059335
7/16/2022 6:15,0,-11.02577652,0,-11.02577652
7/16/2022 6:30,0,-10.80977579,0,-10.80977579
7/16/2022 6:45,0,-10.44153587,0,-10.44153587
7/16/2022 7:00,0,-10.18235537,0,-10.18235537
7/16/2022 7:15,0,-9.754797347,0,-9.754797347
7/16/2022 7:30,0,-9.329270031,0,-9.329270031
7/16/2022 7:45,0,-8.680702469,0,-8.680702469
7/16/2022 8:00,0,-8.45301603,0,-8.45301603
7/16/2022 8:15,0,-7.044547109,0,-7.044547109
7/16/2022 8:30,0,-4.474421213,0,-4.474421213
7/16/2022 8:45,2.771788705,2.201989593,2.710455018,7.684233316
7/16/2022 9:00,5.869948463,4.936500141,5.839957932,16.64640654
7/16/2022 9:15,6.14197335,4.657370048,6.102453768,16.90179717
7/16/2022 9:30,5.792850977,4.389915864,5.752581336,15.93534818
7/16/2022 9:45,5.463674139,4.139313379,5.422995477,15.02598299
7/16/2022 10:00,5.152101569,3.902923197,5.112080717,14.16710548
7/16/2022 10:15,4.855568896,3.678836801,4.817565807,13.3519715
7/16/2022 10:30,4.572323188,3.465075199,4.536662893,12.57406128
7/16/2022 10:45,4.301342425,3.259820286,4.268107693,11.8292704
7/16/2022 11:00,4.026018692,3.047426423,3.996058597,11.06950371
7/16/2022 11:15,3.760862552,2.841837559,3.733302623,10.33600273
7/16/2022 11:30,3.515580601,2.652158513,3.490096948,9.657836062
7/16/2022 11:45,3.274353167,2.463153469,3.251100941,8.988607576
7/16/2022 12:00,3.052173524,2.290049708,3.031158965,8.373382197
7/16/2022 12:15,2.836527133,2.119697698,2.817454439,7.77367927
7/16/2022 12:30,2.637105961,1.963367012,2.619909113,7.220382086
7/16/2022 12:45,2.446039827,2.434838878,2.428009467,7.308888172
7/16/2022 13:00,2.237471214,2.226360231,2.22174291,6.685574355
7/16/2022 13:15,2.050428595,2.040486058,2.036781537,6.127696189
7/16/2022 13:30,1.874834165,1.865898354,1.863046571,5.60377909
7/16/2022 13:45,1.711012656,1.702921531,1.700788235,5.114722422
7/16/2022 14:00,1.555674102,1.547295948,1.546766416,4.649736466
7/16/2022 14:15,1.418567866,1.41075106,1.410615565,4.239934491
7/16/2022 14:30,1.293455163,1.286126689,1.286323866,3.865905718
7/16/2022 14:45,1.177169706,1.172309117,1.1722717,3.521750524
7/16/2022 15:00,0.683181811,0.740230583,0.677674842,2.101087236
7/16/2022 15:15,0,-2.388673271,0,-2.388673271
7/16/2022 15:30,0,-2.964892789,0,-2.964892789
7/16/2022 15:45,0,-4.38426835,0,-4.38426835
7/16/2022 16:00,0,-5.730695994,0,-5.730695994
7/16/2022 16:15,0,-7.163595086,0,-7.163595086
7/16/2022 16:30,0,-8.369459264,0,-8.369459264
7/16/2022 16:45,0,-8.743885379,0,-8.743885379
7/16/2022 17:00,0,-9.22281068,0,-9.22281068
7/16/2022 17:15,0,-9.573152969,0,-9.573152969
7/16/2022 17:30,0,-9.867018759,0,-9.867018759
7/16/2022 17:45,0,-10.11472704,0,-10.11472704
7/16/2022 18:00,0,-10.19427464,0,-10.19427464
7/16/2022 18:15,0,-10.25035759,0,-10.25035759
7/16/2022 18:30,0,-10.19783119,0,-10.19783119
7/16/2022 18:45,0,-10.10361958,0,-10.10361958
7/16/2022 19:00,0,-10.01153559,0,-10.01153559
7/16/2022 19:15,0,-9.750767139,0,-9.750767139
7/16/2022 19:30,0,-9.468840167,0,-9.468840167
7/16/2022 19:45,0,-9.113967658,0,-9.113967658
7/16/2022 20:00,0,-8.613804746,0,-8.613804746
7/16/2022 20:15,0,-8.810828246,0,-8.810828246
7/16/2022 20:30,0,-7.578087586,0,-7.578087586
7/16/2022 20:45,0,-6.476185807,0,-6.476185807
7/16/2022 21:00,0,-4.499254018,0,-4.499254018
7/16/2022 21:15,0,-1.570125512,0,-1.570125512
7/16/2022 21:30,5.041539093,4.29819488,5.00694487,14.34667884
7/16/2022 21:45,5.371877691,4.207577979,5.325643997,14.90509967
7/16/2022 22:00,5.21905268,3.966359918,5.183646136,14.36905873
7/16/2022 22:15,4.915219437,3.734323242,4.88060231,13.53014499
7/16/2022 22:30,4.62589692,3.512825727,4.59209506,12.73081771
7/16/2022 22:45,4.34950074,3.300615188,4.316767739,11.96688367
7/16/2022 23:00,4.0683993,3.082209542,4.038482663,11.1890915
7/16/2022 23:15,3.807206017,2.88030189,3.779421582,10.46692949
7/16/2022 23:30,3.548895659,2.678371988,3.523147172,9.750414819
7/16/2022 23:45,3.302990668,2.485612861,3.279536131,9.06813966
7/17/2022 0:00,3.076925975,2.309319069,3.055646465,8.441891509
7/17/2022 0:15,2.857307587,2.135936615,2.838089655,7.831333857
7/17/2022 0:30,2.654778088,1.977111306,2.637412431,7.269301825
7/17/2022 0:45,2.46524649,2.453926873,2.44728351,7.366456872
7/17/2022 1:00,2.250764872,2.239540537,2.235008115,6.725313523
7/17/2022 1:15,2.061144837,2.051074232,2.047385413,6.159604483
7/17/2022 1:30,1.882957851,1.873931161,1.871091123,5.627980135
7/17/2022 1:45,1.716643489,1.70849113,1.706367964,5.131502583
7/17/2022 2:00,1.558902356,1.550502398,1.549980086,4.659384841
7/17/2022 2:15,1.419507765,1.411853827,1.411588617,4.242950209
7/17/2022 2:30,1.288044945,1.284927686,1.283204105,3.856176736
7/17/2022 2:45,0.221635876,0.304534434,0.211723884,0.737894194
7/17/2022 3:00,0,-1.937317674,0,-1.937317674
7/17/2022 3:15,0,-2.969565368,0,-2.969565368
7/17/2022 3:30,0,-4.18785641,0,-4.18785641
7/17/2022 3:45,0,-5.475285501,0,-5.475285501
7/17/2022 4:00,0,-6.802013722,0,-6.802013722
7/17/2022 4:15,0,-8.655085639,0,-8.655085639
7/17/2022 4:30,0,-8.793589875,0,-8.793589875
7/17/2022 4:45,0,-9.385977805,0,-9.385977805
7/17/2022 5:00,0,-9.882495323,0,-9.882495323
7/17/2022 5:15,0,-10.22046425,0,-10.22046425
7/17/2022 5:30,0,-10.54956029,0,-10.54956029
7/17/2022 5:45,0,-10.78295787,0,-10.78295787
7/17/2022 6:00,0,-10.99817591,0,-10.99817591
7/17/2022 6:15,0,-11.06848979,0,-11.06848979
7/17/2022 6:30,0,-11.11185639,0,-11.11185639
7/17/2022 6:45,0,-11.03240096,0,-11.03240096
7/17/2022 7:00,0,-10.96919411,0,-10.96919411
7/17/2022 7:15,0,-10.8135721,0,-10.8135721
7/17/2022 7:30,0,-10.54056966,0,-10.54056966
7/17/2022 7:45,0,-10.24029025,0,-10.24029025
7/17/2022 8:00,0,-9.828826187,0,-9.828826187
7/17/2022 8:15,0,-9.410052127,0,-9.410052127
7/17/2022 8:30,0,-8.911273404,0,-8.911273404
7/17/2022 8:45,0,-8.453215775,0,-8.453215775
7/17/2022 9:00,0,-8.196127124,0,-8.196127124
7/17/2022 9:15,0,-6.368251719,0,-6.368251719
7/17/2022 9:30,0,-3.473162557,0,-3.473162557
7/17/2022 9:45,5.12761784,4.329769305,5.088304049,14.54569119
7/17/2022 10:00,5.847671385,4.853216849,5.815728281,16.51661652
7/17/2022 10:15,5.991044832,4.543155467,5.951861702,16.486062
7/17/2022 10:30,5.650043114,4.283285413,5.610368701,15.54369723
7/17/2022 10:45,5.328061985,4.038355869,5.288366467,14.65478432
7/17/2022 11:00,5.022840986,3.806862313,4.984210345,13.81391364
7/17/2022 11:15,4.731932163,3.586628051,4.695183097,13.01374331
7/17/2022 11:30,4.453746367,3.376226636,4.419414202,12.24938721
7/17/2022 11:45,4.180002107,3.166547357,4.14876806,11.49531752
7/17/2022 12:00,3.908163112,2.956181444,3.879380503,10.74372506
7/17/2022 12:15,3.656179394,2.761778857,3.629483661,10.04744191
7/17/2022 12:30,3.407743409,2.567599211,3.383229465,9.358572084
7/17/2022 12:45,3.171289899,2.382004304,3.149122001,8.702416204
7/17/2022 13:00,2.955250575,2.213354984,2.935105413,8.103710972
7/17/2022 13:15,2.743570481,2.045880865,2.725472133,7.514923479
7/17/2022 13:30,2.549657616,1.893805476,2.533190657,6.976653749
7/17/2022 13:45,2.351158157,2.339788263,2.334006757,7.024953177
7/17/2022 14:00,2.155122539,2.145088551,2.140326463,6.440537553
7/17/2022 14:15,1.972683314,1.963768371,1.959984381,5.896436066
7/17/2022 14:30,1.797401616,1.788251182,1.78632087,5.371973668
7/17/2022 14:45,1.640045293,1.631661844,1.630311975,4.902019111
7/17/2022 15:00,1.495317336,1.487571248,1.486710805,4.469599389
7/17/2022 15:15,1.362386603,1.355398567,1.354804897,4.072590068
7/17/2022 15:30,1.238454428,1.236215989,1.233848302,3.70851872
7/17/2022 15:45,0,-0.551270976,0,-0.551270976
7/17/2022 16:00,0,-2.03934692,0,-2.03934692
7/17/2022 16:15,0,-3.040824968,0,-3.040824968
7/17/2022 16:30,0,-4.120315499,0,-4.120315499
7/17/2022 16:45,0,-5.448018903,0,-5.448018903
7/17/2022 17:00,0,-6.970780755,0,-6.970780755
7/17/2022 17:15,0,-8.435451035,0,-8.435451035
7/17/2022 17:30,0,-8.669490681,0,-8.669490681
7/17/2022 17:45,0,-9.198431794,0,-9.198431794
7/17/2022 18:00,0,-9.507661654,0,-9.507661654
7/17/2022 18:15,0,-9.861339853,0,-9.861339853
7/17/2022 18:30,0,-10.05362695,0,-10.05362695
7/17/2022 18:45,0,-10.21214896,0,-10.21214896
7/17/2022 19:00,0,-10.31211739,0,-10.31211739
7/17/2022 19:15,0,-10.32365758,0,-10.32365758
7/17/2022 19:30,0,-10.24087675,0,-10.24087675
7/17/2022 19:45,0,-10.14802407,0,-10.14802407
7/17/2022 20:00,0,-9.950010362,0,-9.950010362
7/17/2022 20:15,0,-9.706092053,0,-9.706092053
7/17/2022 20:30,0,-9.330029698,0,-9.330029698
7/17/2022 20:45,0,-8.860016763,0,-8.860016763
7/17/2022 21:00,0,-8.430647522,0,-8.430647522
7/17/2022 21:15,0,-8.300460636,0,-8.300460636
7/17/2022 21:30,0,-7.26669401,0,-7.26669401
7/17/2022 21:45,0,-5.789729361,0,-5.789729361
7/17/2022 22:00,0,-3.619959661,0,-3.619959661
7/17/2022 22:15,2.756073397,2.265435775,2.699779481,7.721288653
7/17/2022 22:30,5.36019463,4.493815195,5.328091183,15.18210101
7/17/2022 22:45,5.566242704,4.228949669,5.529868946,15.32506132
7/17/2022 23:00,5.244250368,3.983094887,5.208012321,14.43535758
7/17/2022 23:15,4.939846782,3.751430774,4.904604815,13.59588237
7/17/2022 23:30,4.65016572,3.530356629,4.615938264,12.79646061
7/17/2022 23:45,4.373463736,3.31841339,4.340458498,12.03233562
7/18/2022 0:00,4.101103429,3.108671534,4.070953184,11.28072815
7/18/2022 0:15,3.830620782,2.898159573,3.802607623,10.53138798
7/18/2022 0:30,3.571793382,2.695940441,3.545841307,9.813575129
7/18/2022 0:45,3.325122229,2.502660331,3.301499545,9.129282105
7/18/2022 1:00,3.098745349,2.326161576,3.077222642,8.502129566
7/18/2022 1:15,2.878242712,2.152181316,2.858859463,7.88928349
7/18/2022 1:30,2.675371541,1.993082371,2.657795351,7.326249263
7/18/2022 1:45,2.495110235,2.483988663,2.477240343,7.456339241
7/18/2022 2:00,2.278129831,2.267816568,2.261963552,6.807909951
7/18/2022 2:15,2.080803304,2.070525587,2.06692671,6.2182556
7/18/2022 2:30,1.90245671,1.893181266,1.890369639,5.686007614
7/18/2022 2:45,1.735088526,1.726707056,1.724617993,5.186413574
7/18/2022 3:00,1.580955082,1.573390903,1.571802874,4.72614886
7/18/2022 3:15,1.437306472,1.432740141,1.429947395,4.299994008
7/18/2022 3:30,1.192514922,1.198124916,1.1881647,3.578804538
7/18/2022 3:45,0,0,0,0
7/18/2022 4:00,0,-2.304836487,0,-2.304836487
7/18/2022 4:15,0,-3.383444486,0,-3.383444486
7/18/2022 4:30,0,-4.492029362,0,-4.492029362
7/18/2022 4:45,0,-5.519882455,0,-5.519882455
7/18/2022 5:00,0,-6.880156721,0,-6.880156721
7/18/2022 5:15,0,-8.700644961,0,-8.700644961
7/18/2022 5:30,0,-8.789844387,0,-8.789844387
7/18/2022 5:45,0,-9.206929473,0,-9.206929473
7/18/2022 6:00,0,-9.640812474,0,-9.640812474
7/18/2022 6:15,0,-9.954492849,0,-9.954492849
7/18/2022 6:30,0,-10.30217382,0,-10.30217382
7/18/2022 6:45,0,-10.53335697,0,-10.53335697
7/18/2022 7:00,0,-10.70264248,0,-10.70264248
7/18/2022 7:15,0,-10.71614671,0,-10.71614671
7/18/2022 7:30,0,-10.72533582,0,-10.72533582
7/18/2022 7:45,0,-10.63557157,0,-10.63557157
7/18/2022 8:00,0,-10.54002862,0,-10.54002862
7/18/2022 8:15,0,-10.32421807,0,-10.32421807
7/18/2022 8:30,0,-10.08288341,0,-10.08288341
7/18/2022 8:45,0,-9.805311726,0,-9.805311726
7/18/2022 9:00,0,-9.487956481,0,-9.487956481
7/18/2022 9:15,0,-9.070707222,0,-9.070707222
7/18/2022 9:30,0,-8.57444138,0,-8.57444138
7/18/2022 9:45,0,-8.421452448,0,-8.421452448
7/18/2022 10:00,0,-6.992778929,0,-6.992778929
7/18/2022 10:15,0,-4.756712482,0,-4.756712482
7/18/2022 10:30,0.818883371,0.697182465,0.847071249,2.363137085
7/18/2022 10:45,5.53507335,4.704207845,5.506157852,15.74543905
7/18/2022 11:00,5.787548658,4.601815968,5.743729637,16.13309426
7/18/2022 11:15,5.728160198,4.345692978,5.689658834,15.76351201
7/18/2022 11:30,5.401154134,4.096771859,5.362463825,14.86038982
7/18/2022 11:45,5.091577232,3.861256801,5.05346065,14.00629468
7/18/2022 12:00,4.797127876,3.637596989,4.760542536,13.1952674
7/18/2022 12:15,4.515823294,3.424189392,4.481143355,12.42115604
7/18/2022 12:30,4.246459247,3.219269469,4.213995229,11.67972394
7/18/2022 12:45,3.97295552,3.007661503,3.943633731,10.92425075
7/18/2022 13:00,3.709519532,2.802781075,3.68232927,10.19462988
7/18/2022 13:15,3.457998642,2.606318489,3.433021767,9.497338898
7/18/2022 13:30,3.226073867,2.42605185,3.203343764,8.855469481
7/18/2022 13:45,2.999714343,2.247767963,2.979122016,8.226604322
7/18/2022 14:00,2.791816776,2.085056915,2.77317852,7.650052212
7/18/2022 14:15,2.589054918,1.924415937,2.572252798,7.085723653
7/18/2022 14:30,2.392098238,2.380230534,2.374658844,7.146987616
7/18/2022 14:45,2.193996972,2.183433641,2.178704231,6.556134845
7/18/2022 15:00,2.008999486,1.999612431,1.99586316,6.004475078
7/18/2022 15:15,1.835195531,1.826762619,1.823853313,5.485811463
7/18/2022 15:30,1.669695785,1.661032271,1.659847993,4.990576049
7/18/2022 15:45,1.522884828,1.514821753,1.514041911,4.551748492
7/18/2022 16:00,1.387167138,1.380015219,1.37940788,4.146590237
7/18/2022 16:15,1.260677559,1.258505768,1.256245443,3.77542877
7/18/2022 16:30,0,-0.209408849,0,-0.209408849
7/18/2022 16:45,0,-1.883538178,0,-1.883538178
7/18/2022 17:00,0,-2.880740341,0,-2.880740341
7/18/2022 17:15,0,-3.842857223,0,-3.842857223
7/18/2022 17:30,0,-5.108424578,0,-5.108424578
7/18/2022 17:45,0,-6.335848575,0,-6.335848575
7/18/2022 18:00,0,-7.663032125,0,-7.663032125
7/18/2022 18:15,0,-8.447522725,0,-8.447522725
7/18/2022 18:30,0,-8.882019061,0,-8.882019061
7/18/2022 18:45,0,-9.269114368,0,-9.269114368
7/18/2022 19:00,0,-9.665133483,0,-9.665133483
7/18/2022 19:15,0,-9.907444666,0,-9.907444666
7/18/2022 19:30,0,-10.13254338,0,-10.13254338
7/18/2022 19:45,0,-10.20531923,0,-10.20531923
7/18/2022 20:00,0,-10.2507197,0,-10.2507197
7/18/2022 20:15,0,-10.22622543,0,-10.22622543
7/18/2022 20:30,0,-10.14230259,0,-10.14230259
7/18/2022 20:45,0,-9.944699944,0,-9.944699944
7/18/2022 21:00,0,-9.71860838,0,-9.71860838
7/18/2022 21:15,0,-9.466821061,0,-9.466821061
7/18/2022 21:30,0,-9.07296629,0,-9.07296629
7/18/2022 21:45,0,-8.683838817,0,-8.683838817
7/18/2022 22:00,0,-8.331046714,0,-8.331046714
7/18/2022 22:15,0,-8.225901502,0,-8.225901502
7/18/2022 22:30,0,-7.075560023,0,-7.075560023
7/18/2022 22:45,0,-5.651034388,0,-5.651034388
7/18/2022 23:00,0,-2.787841302,0,-2.787841302
7/18/2022 23:15,4.793827137,4.092625281,4.756029165,13.64248158
7/18/2022 23:30,5.387739864,4.496073418,5.356280355,15.24009364
7/18/2022 23:45,5.553470357,4.219119135,5.517097542,15.28968703
7/19/2022 0:00,5.233218439,3.9748427,5.196941825,14.40500296
7/19/2022 0:15,4.929535443,3.743743979,4.89442088,13.5677003
7/19/2022 0:30,4.640696377,3.523446022,4.606638566,12.77078097
7/19/2022 0:45,4.364734971,3.312028701,4.331911191,12.00867486
7/19/2022 1:00,4.09308145,3.102836305,4.063085393,11.25900315
7/19/2022 1:15,3.823242478,2.892677401,3.795317912,10.51123779
7/19/2022 1:30,3.565038848,2.690890367,3.539159944,9.795089158
7/19/2022 1:45,3.318887055,2.497941801,3.29533431,9.112163166
7/19/2022 2:00,3.093065727,2.321809594,3.07160161,8.486476931
7/19/2022 2:15,2.873043244,2.14817523,2.853713326,7.8749318
7/19/2022 2:30,2.670575394,1.989390309,2.653044557,7.31301026
7/19/2022 2:45,2.486185642,2.474519227,2.467871499,7.428576367
7/19/2022 3:00,2.27356092,2.263315485,2.257456379,6.794332785
7/19/2022 3:15,2.077156146,2.06688638,2.063226818,6.207269344
7/19/2022 3:30,1.89878686,1.889569464,1.886742832,5.675099156
7/19/2022 3:45,1.731673902,1.723477578,1.721264764,5.176416244
7/19/2022 4:00,1.575897758,1.570448158,1.567370898,4.713716813
7/19/2022 4:15,1.433415873,1.432511586,1.427021254,4.292948712
7/19/2022 4:30,0.808644192,0.170582124,0.723312258,1.702538573
7/19/2022 4:45,0,-1.773819,0,-1.773819
7/19/2022 5:00,0,-2.612419656,0,-2.612419656
7/19/2022 5:15,0,-3.689134111,0,-3.689134111
7/19/2022 5:30,0,-4.705728895,0,-4.705728895
7/19/2022 5:45,0,-5.642712055,0,-5.642712055
7/19/2022 6:00,0,-6.958343239,0,-6.958343239
7/19/2022 6:15,0,-8.510059455,0,-8.510059455
7/19/2022 6:30,0,-8.702099489,0,-8.702099489
7/19/2022 6:45,0,-9.085563291,0,-9.085563291
7/19/2022 7:00,0,-9.563512663,0,-9.563512663
7/19/2022 7:15,0,-9.810361235,0,-9.810361235
7/19/2022 7:30,0,-10.19195482,0,-10.19195482
7/19/2022 7:45,0,-10.28959375,0,-10.28959375
7/19/2022 8:00,0,-10.43989787,0,-10.43989787
7/19/2022 8:15,0,-10.46035246,0,-10.46035246
7/19/2022 8:30,0,-10.45322269,0,-10.45322269
7/19/2022 8:45,0,-10.39182309,0,-10.39182309
7/19/2022 9:00,0,-10.25083311,0,-10.25083311
7/19/2022 9:15,0,-10.13045328,0,-10.13045328
7/19/2022 9:30,0,-9.833344707,0,-9.833344707
7/19/2022 9:45,0,-9.497158385,0,-9.497158385
7/19/2022 10:00,0,-8.979524359,0,-8.979524359
7/19/2022 10:15,0,-8.599503908,0,-8.599503908
7/19/2022 10:30,0,-8.837559422,0,-8.837559422
7/19/2022 10:45,0,-7.867792191,0,-7.867792191
7/19/2022 11:00,0,-6.383810688,0,-6.383810688
7/19/2022 11:15,0,-4.125624784,0,-4.125624784
7/19/2022 11:30,3.120334697,2.523183505,3.059512151,8.703030352
7/19/2022 11:45,5.613149035,4.739758423,5.58247595,15.93538341
7/19/2022 12:00,5.892775479,4.506813278,5.844162401,16.24375116
7/19/2022 12:15,5.600413341,4.249837508,5.56249312,15.41274397
7/19/2022 12:30,5.279761432,4.006162635,5.242005422,14.52792949
7/19/2022 12:45,4.976028214,3.775341553,4.93930022,13.69066999
7/19/2022 13:00,4.686718632,3.555420393,4.651446354,12.89358538
7/19/2022 13:15,4.410000195,3.345147827,4.376679468,12.13182749
7/19/2022 13:30,4.137910658,3.13584677,4.107323183,11.38108061
7/19/2022 13:45,3.867584439,2.925895708,3.839137347,10.63261749
7/19/2022 14:00,3.608287676,2.723776256,3.582088342,9.914152274
7/19/2022 14:15,3.369127674,2.538146018,3.345056665,9.252330357
7/19/2022 14:30,3.134699394,2.353851348,3.112782488,8.601333229
7/19/2022 14:45,2.919561423,2.185830583,2.899810727,8.005202732
7/19/2022 15:00,2.70992311,2.019860753,2.691998266,7.421782128
7/19/2022 15:15,2.532275227,1.785775115,2.513960831,6.832011172
7/19/2022 15:30,2.315156066,2.304313527,2.298487872,6.917957465
7/19/2022 15:45,2.121270349,2.111703129,2.106917553,6.339891031
7/19/2022 16:00,1.936238018,1.926552864,1.923819515,5.786610397
7/19/2022 16:15,1.767717474,1.758952699,1.756905724,5.283575898
7/19/2022 16:30,1.611304895,1.603810974,1.601965284,4.817081153
7/19/2022 16:45,1.466159906,1.463243564,1.45884174,4.38824521
7/19/2022 17:00,1.085737604,1.122506906,1.080454676,3.288699186
7/19/2022 17:15,0,-4.153226633,0,-4.153226633
7/19/2022 17:30,0,-2.241400976,0,-2.241400976
7/19/2022 17:45,0,-2.945679494,0,-2.945679494
7/19/2022 18:00,0,-3.82006576,0,-3.82006576
7/19/2022 18:15,0,-4.722365441,0,-4.722365441
7/19/2022 18:30,0,-5.816148491,0,-5.816148491
7/19/2022 18:45,0,-7.324324582,0,-7.324324582
7/19/2022 19:00,0,-8.819612876,0,-8.819612876
7/19/2022 19:15,0,-8.651758084,0,-8.651758084
7/19/2022 19:30,0,-9.094411425,0,-9.094411425
7/19/2022 19:45,0,-9.43269424,0,-9.43269424
7/19/2022 20:00,0,-9.807485015,0,-9.807485015
7/19/2022 20:15,0,-9.960676442,0,-9.960676442
7/19/2022 20:30,0,-10.10224128,0,-10.10224128
7/19/2022 20:45,0,-10.05748252,0,-10.05748252
7/19/2022 21:00,0,-10.12699486,0,-10.12699486
7/19/2022 21:15,0,-9.942130839,0,-9.942130839
7/19/2022 21:30,0,-9.953181568,0,-9.953181568
7/19/2022 21:45,0,-9.67738122,0,-9.67738122
7/19/2022 22:00,0,-9.506737153,0,-9.506737153
7/19/2022 22:15,0,-9.195804999,0,-9.195804999
7/19/2022 22:30,0,-8.838778681,0,-8.838778681
7/19/2022 22:45,0,-8.444807702,0,-8.444807702
7/19/2022 23:00,0,-8.34874588,0,-8.34874588
7/19/2022 23:15,0,-7.383768221,0,-7.383768221
7/19/2022 23:30,0,-6.209690241,0,-6.209690241
7/19/2022 23:45,0,-4.176625162,0,-4.176625162
7/20/2022 0:00,0.205074063,0.017037795,0.225166941,0.4472788
7/20/2022 0:15,5.281113287,4.498469823,5.249207924,15.02879103
7/20/2022 0:30,5.394260104,4.439734348,5.362220337,15.19621479
7/20/2022 0:45,5.500120094,4.178269295,5.463707951,15.14209734
7/20/2022 1:00,5.183335384,3.937238124,5.147435154,14.26800866
7/20/2022 1:15,4.883143647,3.708829101,4.848487756,13.4404605
7/20/2022 1:30,4.597176855,3.490738912,4.563685881,12.65160165
7/20/2022 1:45,4.323891027,3.281420648,4.291608715,11.89692039
7/20/2022 2:00,4.045950048,3.065422795,4.016325171,11.12769801
7/20/2022 2:15,3.787055146,2.865251372,3.759517899,10.41182442
7/20/2022 2:30,3.531145086,2.665006304,3.505598206,9.701749596
7/20/2022 2:45,3.287598087,2.473860859,3.264257951,9.025716896
7/20/2022 3:00,3.063396603,2.299015988,3.042272652,8.404685243
7/20/2022 3:15,2.845743215,2.126976906,2.826601411,7.799321532
7/20/2022 3:30,2.64471949,1.969396072,2.627448442,7.241564005
7/20/2022 3:45,2.453624244,2.442361434,2.435537093,7.331522771
7/20/2022 4:00,2.242347905,2.231253226,2.226698882,6.700300013
7/20/2022 4:15,2.054416061,2.044456982,2.040726812,6.139599855
7/20/2022 4:30,1.877405619,1.868612375,1.865624012,5.611642006
7/20/2022 4:45,1.711418728,1.704459707,1.701428452,5.117306887
7/20/2022 5:00,1.558187684,1.555202317,1.550101157,4.663491158
7/20/2022 5:15,1.303035852,1.321318558,1.297954932,3.922309342
7/20/2022 5:30,0.53123108,0.222031617,0.550261854,1.303524551
7/20/2022 5:45,0,-1.745301617,0,-1.745301617
7/20/2022 6:00,0,-2.573731893,0,-2.573731893
7/20/2022 6:15,0,-3.47345172,0,-3.47345172
7/20/2022 6:30,0,-4.361562487,0,-4.361562487
7/20/2022 6:45,0,-5.323690868,0,-5.323690868
7/20/2022 7:00,0,-6.319858824,0,-6.319858824
7/20/2022 7:15,0,-7.345418203,0,-7.345418203
7/20/2022 7:30,0,-8.763108435,0,-8.763108435
7/20/2022 7:45,0,-8.678847709,0,-8.678847709
7/20/2022 8:00,0,-9.020979747,0,-9.020979747
7/20/2022 8:15,0,-9.349418718,0,-9.349418718
7/20/2022 8:30,0,-9.550852473,0,-9.550852473
7/20/2022 8:45,0,-9.764999908,0,-9.764999908
7/20/2022 9:00,0,-9.818372501,0,-9.818372501
7/20/2022 9:15,0,-9.881857478,0,-9.881857478
7/20/2022 9:30,0,-9.851571673,0,-9.851571673
7/20/2022 9:45,0,-9.793503009,0,-9.793503009
7/20/2022 10:00,0,-9.602205058,0,-9.602205058
7/20/2022 10:15,0,-9.363554294,0,-9.363554294
7/20/2022 10:30,0,-9.076806518,0,-9.076806518
7/20/2022 10:45,0,-8.739636081,0,-8.739636081
7/20/2022 11:00,0,-8.431929452,0,-8.431929452
7/20/2022 11:15,0,-8.210237751,0,-8.210237751
7/20/2022 11:30,0,-7.455382937,0,-7.455382937
7/20/2022 11:45,0,-6.318386929,0,-6.318386929
7/20/2022 12:00,0,-4.89902812,0,-4.89902812
7/20/2022 12:15,0,-2.332084242,0,-2.332084242
7/20/2022 12:30,5.017205489,4.288248025,4.982079076,14.28753259
7/20/2022 12:45,5.362662666,4.443659822,5.331806188,15.13812868
7/20/2022 13:00,5.482562831,4.166427798,5.446862809,15.09585344
7/20/2022 13:15,5.166046722,3.925889862,5.130908937,14.22284552
7/20/2022 13:30,4.865795225,3.697572316,4.83194832,13.39531586
7/20/2022 13:45,4.579948147,3.479310473,4.547119936,12.60637856
7/20/2022 14:00,4.306798167,3.26965056,4.27501946,11.85146819
7/20/2022 14:15,4.029243452,3.053458789,3.999872301,11.08257454
7/20/2022 14:30,3.76197671,2.844906418,3.734654315,10.34153744
7/20/2022 14:45,3.514638441,2.65270727,3.489275616,9.656621327
7/20/2022 15:00,3.271500002,2.461666423,3.248332432,8.981498857
7/20/2022 15:15,3.047567223,2.286889894,3.026625998,8.361083116
7/20/2022 15:30,2.830357021,2.115123562,2.811361719,7.756842301
7/20/2022 15:45,2.629601195,1.957657595,2.612483769,7.199742559
7/20/2022 16:00,2.435712202,2.424682123,2.417771411,7.278165735
7/20/2022 16:15,2.226930202,2.21600359,2.211363297,6.654297089
7/20/2022 16:30,2.039237782,2.029471588,2.025735587,6.094444957
7/20/2022 16:45,1.862696792,1.853996985,1.851064942,5.567758718
7/20/2022 17:00,1.697879289,1.690491492,1.687901545,5.076272326
7/20/2022 17:15,1.544964982,1.541291564,1.536915825,4.623172371
7/20/2022 17:30,1.304474101,1.396787293,1.292520063,3.993781457
7/20/2022 17:45,0,0.28253929,0,0.28253929
7/20/2022 18:00,0,-1.626166302,0,-1.626166302
7/20/2022 18:15,0,-2.350580288,0,-2.350580288
7/20/2022 18:30,0,-3.275700473,0,-3.275700473
7/20/2022 18:45,0,-4.168012529,0,-4.168012529
7/20/2022 19:00,0,-5.087975479,0,-5.087975479
7/20/2022 19:15,0,-6.056232072,0,-6.056232072
7/20/2022 19:30,0,-7.156689589,0,-7.156689589
7/20/2022 19:45,0,-8.659175571,0,-8.659175571
7/20/2022 20:00,0,-8.566657999,0,-8.566657999
7/20/2022 20:15,0,-9.01689085,0,-9.01689085
7/20/2022 20:30,0,-9.298147074,0,-9.298147074
7/20/2022 20:45,0,-9.678661747,0,-9.678661747
7/20/2022 21:00,0,-9.872630287,0,-9.872630287
7/20/2022 21:15,0,-10.08043751,0,-10.08043751
7/20/2022 21:30,0,-10.19209077,0,-10.19209077
7/20/2022 21:45,0,-10.15492125,0,-10.15492125
7/20/2022 22:00,0,-10.10963872,0,-10.10963872
7/20/2022 22:15,0,-10.08401306,0,-10.08401306
7/20/2022 22:30,0,-9.920560809,0,-9.920560809
7/20/2022 22:45,0,-9.786216351,0,-9.786216351
7/20/2022 23:00,0,-9.383857614,0,-9.383857614
7/20/2022 23:15,0,-9.172086881,0,-9.172086881
7/20/2022 23:30,0,-8.790825658,0,-8.790825658
7/20/2022 23:45,0,-8.503164502,0,-8.503164502
7/21/2022 0:00,0,-8.332261146,0,-8.332261146
7/21/2022 0:15,0,-7.423307584,0,-7.423307584
7/21/2022 0:30,0,-5.969681048,0,-5.969681048
7/21/2022 0:45,0,-4.138061817,0,-4.138061817
7/21/2022 1:00,1.745450062,1.390681929,1.726680806,4.862812797
7/21/2022 1:15,5.56083455,4.714433881,5.530599904,15.80586834
7/21/2022 1:30,5.702532517,4.534550723,5.658761954,15.89584519
7/21/2022 1:45,5.642948003,4.283261458,5.605406156,15.53161562
7/21/2022 2:00,5.320078102,4.038482751,5.282957025,14.64151788
7/21/2022 2:15,5.014140351,3.806438731,4.978137561,13.79871664
7/21/2022 2:30,4.723167013,3.585476422,4.688667697,12.99731113
7/21/2022 2:45,4.445300537,3.373977417,4.412413022,12.23169098
7/21/2022 3:00,4.171837246,3.163121833,4.141309271,11.47626835
7/21/2022 3:15,3.90026201,2.951961404,3.871748533,10.72397195
7/21/2022 3:30,3.648009148,2.756689031,3.621570557,10.02626874
7/21/2022 3:45,3.399527133,2.561947218,3.375160206,9.336634557
7/21/2022 4:00,3.163400479,2.376311873,3.14126874,8.680981092
7/21/2022 4:15,2.947061224,2.207237868,2.927023488,8.08132258
7/21/2022 4:30,2.735769155,2.040067462,2.717676025,7.493512642
7/21/2022 4:45,2.541542376,1.887627213,2.525175649,6.954345237
7/21/2022 5:00,2.34170356,2.330543358,2.324699119,6.996946038
7/21/2022 5:15,2.145963094,2.136268066,2.131330458,6.413561618
7/21/2022 5:30,1.96295338,1.955252894,1.950606945,5.868813218
7/21/2022 5:45,1.78586373,1.781073805,1.775882825,5.342820361
7/21/2022 6:00,1.627040671,1.626059343,1.619542276,4.87264229
7/21/2022 6:15,1.026066844,1.087845092,1.019306399,3.133218336
7/21/2022 6:30,0,3.024778629,0,3.024778629
7/21/2022 6:45,0,-2.044237515,0,-2.044237515
7/21/2022 7:00,0,-2.769372952,0,-2.769372952
7/21/2022 7:15,0,-3.499962627,0,-3.499962627
7/21/2022 7:30,0,-4.324300707,0,-4.324300707
7/21/2022 7:45,0,-5.220895277,0,-5.220895277
7/21/2022 8:00,0,-6.097596108,0,-6.097596108
7/21/2022 8:15,0,-7.311855374,0,-7.311855374
7/21/2022 8:30,0,-8.09935977,0,-8.09935977
7/21/2022 8:45,0,-8.445640069,0,-8.445640069
7/21/2022 9:00,0,-8.721867423,0,-8.721867423
7/21/2022 9:15,0,-9.134708485,0,-9.134708485
7/21/2022 9:30,0,-9.329485053,0,-9.329485053
7/21/2022 9:45,0,-9.438533567,0,-9.438533567
7/21/2022 10:00,0,-9.500100599,0,-9.500100599
7/21/2022 10:15,0,-9.584366894,0,-9.584366894
7/21/2022 10:30,0,-9.538183449,0,-9.538183449
7/21/2022 10:45,0,-9.414008639,0,-9.414008639
7/21/2022 11:00,0,-9.256507661,0,-9.256507661
7/21/2022 11:15,0,-8.986359643,0,-8.986359643
7/21/2022 11:30,0,-8.828377609,0,-8.828377609
7/21/2022 11:45,0,-8.434691302,0,-8.434691302
7/21/2022 12:00,0,-8.591111226,0,-8.591111226
7/21/2022 12:15,0,-7.566865653,0,-7.566865653
7/21/2022 12:30,0,-6.818939806,0,-6.818939806
7/21/2022 12:45,0,-5.537520292,0,-5.537520292
7/21/2022 13:00,0,-3.803783156,0,-3.803783156
7/21/2022 13:15,0,-0.75328633,0,-0.75328633
7/21/2022 13:30,5.008751158,4.285129258,4.974879735,14.26876015
7/21/2022 13:45,5.212279735,4.359987654,5.181771695,14.75403908
7/21/2022 14:00,5.387389615,4.096224495,5.352510273,14.83612438
7/21/2022 14:15,5.075526643,3.858620987,5.041360349,13.97550798
7/21/2022 14:30,4.779457324,3.633702337,4.746746227,13.15990589
7/21/2022 14:45,4.497391817,3.418438092,4.465888335,12.38171824
7/21/2022 15:00,4.220051151,3.203907552,4.19041832,11.61437702
7/21/2022 15:15,3.954218142,2.997584729,3.925858007,10.87766088
7/21/2022 15:30,3.690376859,2.790889445,3.663788066,10.14505437
7/21/2022 15:45,3.438665558,2.593191244,3.414050056,9.445906858
7/21/2022 16:00,3.206351963,2.411914712,3.183917915,8.80218459
7/21/2022 16:15,2.980128102,2.233237797,2.959754267,8.173120165
7/21/2022 16:30,2.771913285,2.070022355,2.753509742,7.595445383
7/21/2022 16:45,2.569418131,1.909403816,2.552868378,7.031690324
7/21/2022 17:00,2.370883192,2.359403535,2.353551161,7.083837888
7/21/2022 17:15,2.172418812,2.16242569,2.157450805,6.492295308
7/21/2022 17:30,1.987196382,1.979051529,1.974500489,5.940748401
7/21/2022 17:45,1.812683479,1.807759969,1.802141172,5.42258462
7/21/2022 18:00,1.645577355,1.643172572,1.637266586,4.926016514
7/21/2022 18:15,1.256456501,1.289411647,1.250918639,3.796786786
7/21/2022 18:30,0.380143938,-2.216652292,0.472979125,-1.363529229
7/21/2022 18:45,0,-1.870135839,0,-1.870135839
7/21/2022 19:00,0,-2.527592636,0,-2.527592636
7/21/2022 19:15,0,-3.301060661,0,-3.301060661
7/21/2022 19:30,0,-4.123173736,0,-4.123173736
7/21/2022 19:45,0,-4.830091846,0,-4.830091846
7/21/2022 20:00,0,-5.584871197,0,-5.584871197
7/21/2022 20:15,0,-6.505064253,0,-6.505064253
7/21/2022 20:30,0,-7.658498687,0,-7.658498687
7/21/2022 20:45,0,-8.286053483,0,-8.286053483
7/21/2022 21:00,0,-8.651639381,0,-8.651639381
7/21/2022 21:15,0,-9.06272687,0,-9.06272687
7/21/2022 21:30,0,-9.401600547,0,-9.401600547
7/21/2022 21:45,0,-9.699462293,0,-9.699462293
7/21/2022 22:00,0,-9.905404331,0,-9.905404331
7/21/2022 22:15,0,-10.10497347,0,-10.10497347
7/21/2022 22:30,0,-10.13682711,0,-10.13682711
7/21/2022 22:45,0,-10.21391445,0,-10.21391445
7/21/2022 23:00,0,-10.1015974,0,-10.1015974
7/21/2022 23:15,0,-10.06554665,0,-10.06554665
7/21/2022 23:30,0,-9.834875609,0,-9.834875609
7/21/2022 23:45,0,-9.653667746,0,-9.653667746
7/22/2022 0:00,0,-9.329237641,0,-9.329237641
7/22/2022 0:15,0,-8.96516009,0,-8.96516009
7/22/2022 0:30,0,-8.635783667,0,-8.635783667
7/22/2022 0:45,0,-8.321028282,0,-8.321028282
7/22/2022 1:00,0,-8.236110011,0,-8.236110011
7/22/2022 1:15,0,-6.849273745,0,-6.849273745
7/22/2022 1:30,0,-5.057893816,0,-5.057893816
7/22/2022 1:45,0,-2.44770657,0,-2.44770657
7/22/2022 2:00,4.84286087,4.050607147,4.806555002,13.70002302
7/22/2022 2:15,5.671263269,4.773661279,5.642902514,16.08782706
7/22/2022 2:30,5.707465757,4.511196886,5.663724946,15.88238759
7/22/2022 2:45,5.61400963,4.262421778,5.576991865,15.45342327
7/22/2022 3:00,5.293736684,4.019997283,5.257385404,14.57111937
7/22/2022 3:15,4.990608601,3.790037806,4.955318466,13.73596487
7/22/2022 3:30,4.702042797,3.57041522,4.667981491,12.94043951
7/22/2022 3:45,4.426098319,3.359959209,4.393522083,12.17957961
7/22/2022 4:00,4.154481317,3.150212604,4.124142045,11.42883597
7/22/2022 4:15,3.88442775,2.93996169,3.856050968,10.68044041
7/22/2022 4:30,3.63342774,2.745600218,3.60715385,9.986181807
7/22/2022 4:45,3.386358435,2.551877285,3.362134475,9.300370195
7/22/2022 5:00,3.15171956,2.367316085,3.129666182,8.648701827
7/22/2022 5:15,2.9364788,2.199111085,2.916553204,8.052143089
7/22/2022 5:30,2.726526276,2.032884338,2.708468819,7.467879433
7/22/2022 5:45,2.533112495,1.880994137,2.516829426,6.930936059
7/22/2022 6:00,2.333342284,2.322489555,2.316474698,6.972306537
7/22/2022 6:15,2.138312273,2.129340751,2.123902036,6.39155506
7/22/2022 6:30,1.956047652,1.949937386,1.944015623,5.850000662
7/22/2022 6:45,1.779597704,1.776011698,1.769885507,5.325494909
7/22/2022 7:00,1.616249778,1.62195928,1.600818843,4.8390279
7/22/2022 7:15,1.060342659,1.122398258,1.053137609,3.235878526
7/22/2022 7:30,0,-3.785635463,0,-3.785635463
7/22/2022 7:45,0,-1.941891244,0,-1.941891244
7/22/2022 8:00,0,-2.579553226,0,-2.579553226
7/22/2022 8:15,0,-3.239337,0,-3.239337
7/22/2022 8:30,0,-4.118792643,0,-4.118792643
7/22/2022 8:45,0,-4.954054789,0,-4.954054789
7/22/2022 9:00,0,-5.878855698,0,-5.878855698
7/22/2022 9:15,0,-6.618787717,0,-6.618787717
7/22/2022 9:30,0,-7.606239009,0,-7.606239009
7/22/2022 9:45,0,-8.227088219,0,-8.227088219
7/22/2022 10:00,0,-8.456445665,0,-8.456445665
7/22/2022 10:15,0,-8.621435753,0,-8.621435753
7/22/2022 10:30,0,-9.004131417,0,-9.004131417
7/22/2022 10:45,0,-9.15286122,0,-9.15286122
7/22/2022 11:00,0,-9.270322858,0,-9.270322858
7/22/2022 11:15,0,-9.167610727,0,-9.167610727
7/22/2022 11:30,0,-9.077411152,0,-9.077411152
7/22/2022 11:45,0,-9.004965496,0,-9.004965496
7/22/2022 12:00,0,-8.827509213,0,-8.827509213
7/22/2022 12:15,0,-8.583613498,0,-8.583613498
7/22/2022 12:30,0,-8.332225181,0,-8.332225181
7/22/2022 12:45,0,-8.263263461,0,-8.263263461
7/22/2022 13:00,0,-7.827339143,0,-7.827339143
7/22/2022 13:15,0,-7.159881302,0,-7.159881302
7/22/2022 13:30,0,-6.234621408,0,-6.234621408
7/22/2022 13:45,0,-4.962324934,0,-4.962324934
7/22/2022 14:00,0,-3.272448131,0,-3.272448131
7/22/2022 14:15,0,-0.786085988,0,-0.786085988
7/22/2022 14:30,4.996197547,4.263287745,4.962986282,14.22247157
7/22/2022 14:45,5.083023009,4.194040854,5.053837401,14.33090126
7/22/2022 15:00,5.184473577,3.943777745,5.150577806,14.27882913
7/22/2022 15:15,4.881071215,3.71413865,4.849166574,13.44437644
7/22/2022 15:30,4.593459593,3.495009896,4.562666793,12.65113628
7/22/2022 15:45,4.319179359,3.284207998,4.289079206,11.89246656
7/22/2022 16:00,4.040641979,3.066336531,4.012426223,11.11940473
7/22/2022 16:15,3.781262448,2.864245652,3.754394917,10.39990302
7/22/2022 16:30,3.524662026,2.662387504,3.499558881,9.686608411
7/22/2022 16:45,3.280568486,2.47012558,3.25752086,9.008214925
7/22/2022 17:00,3.055877003,2.294308157,3.034926721,8.385111881
7/22/2022 17:15,2.837873322,2.121634813,2.818852101,7.778360235
7/22/2022 17:30,2.636429009,1.963395305,2.619285648,7.219109962
7/22/2022 17:45,2.443287033,2.432565151,2.425363456,7.301215641
7/22/2022 18:00,2.233062114,2.222587904,2.217488705,6.673138723
7/22/2022 18:15,2.044026598,2.035407922,2.030670848,6.110105367
7/22/2022 18:30,1.865318958,1.860259975,1.854414259,5.579993192
7/22/2022 18:45,1.698544514,1.698237322,1.689939281,5.086721117
7/22/2022 19:00,1.094118395,1.147586531,1.088293005,3.329997931
7/22/2022 19:15,1.513420096,2.488061227,1.44176267,5.443243993
7/22/2022 19:30,0,-1.610651573,0,-1.610651573
7/22/2022 19:45,0,-2.263081713,0,-2.263081713
7/22/2022 20:00,0,-2.927711795,0,-2.927711795
7/22/2022 20:15,0,-3.701333511,0,-3.701333511
7/22/2022 20:30,0,-4.384229339,0,-4.384229339
7/22/2022 20:45,0,-5.11446123,0,-5.11446123
7/22/2022 21:00,0,-5.967173634,0,-5.967173634
7/22/2022 21:15,0,-6.869867052,0,-6.869867052
7/22/2022 21:30,0,-7.970379642,0,-7.970379642
7/22/2022 21:45,0,-8.381831182,0,-8.381831182
7/22/2022 22:00,0,-8.745094375,0,-8.745094375
7/22/2022 22:15,0,-9.195996944,0,-9.195996944
7/22/2022 22:30,0,-9.364607151,0,-9.364607151
7/22/2022 22:45,0,-9.626653397,0,-9.626653397
7/22/2022 23:00,0,-9.709234559,0,-9.709234559
7/22/2022 23:15,0,-9.92819088,0,-9.92819088
7/22/2022 23:30,0,-9.858335905,0,-9.858335905
7/22/2022 23:45,0,-9.945241232,0,-9.945241232
